{"type":"FeatureCollection","features":[{"type":"Feature","properties":{"nhood":"01X"},"geometry":{"type":"MultiPolygon","coordinates":[[[[-122.275076,37.79812],[-122.274629,37.797902],[-122.273876,37.797621],[-122.273751,37.797611],[-122.273209,37.797419],[-122.272999,37.797336],[-122.272863,37.797283],[-122.272627,37.79719],[-122.271977,37.796936],[-122.271477,37.796737],[-122.26911,37.795804],[-122.267937,37.795334],[-122.267479,37.795153],[-122.266761,37.794871],[-122.266013,37.794567],[-122.265947,37.794542],[-122.265882,37.794516],[-122.265818,37.794489],[-122.265753,37.794461],[-122.26569,37.794432],[-122.265627,37.794403],[-122.265606,37.794393],[-122.265585,37.794383],[-122.265186,37.794199],[-122.265102,37.794159],[-122.265021,37.794119],[-122.264942,37.794077],[-122.264864,37.794032],[-122.264786,37.793988],[-122.264711,37.793941],[-122.264637,37.793892],[-122.264565,37.793843],[-122.264482,37.793789],[-122.264403,37.793734],[-122.264325,37.793677],[-122.26425,37.793619],[-122.264176,37.793559],[-122.26413,37.793521],[-122.263966,37.79348],[-122.263909,37.793433],[-122.263754,37.793301],[-122.263597,37.79317],[-122.263367,37.792974],[-122.262764,37.79246],[-122.262655,37.792367],[-122.262309,37.792072],[-122.262427,37.791871],[-122.262725,37.791491],[-122.262996,37.79119],[-122.263091,37.790968],[-122.263803,37.790971],[-122.263854,37.790946],[-122.264922,37.790082],[-122.265682,37.78902],[-122.266109,37.788467],[-122.266574,37.787865],[-122.267324,37.787238],[-122.269099,37.787953],[-122.271974,37.789506],[-122.274362,37.791197],[-122.274441,37.791252],[-122.274716,37.791388],[-122.275984,37.792014],[-122.277852,37.792937],[-122.27834,37.793055],[-122.280232,37.793512],[-122.282306,37.793668],[-122.283336,37.793696],[-122.283889,37.79371],[-122.282162,37.796265],[-122.281605,37.797141],[-122.282393,37.79743],[-122.282632,37.797527],[-122.282835,37.797606],[-122.282307,37.798409],[-122.281882,37.799089],[-122.28145,37.79978],[-122.281017,37.800468],[-122.279837,37.800006],[-122.27866,37.799539],[-122.277962,37.799264],[-122.277485,37.799076],[-122.277473,37.799071],[-122.276292,37.798615],[-122.276179,37.798569],[-122.275483,37.798286],[-122.275076,37.79812]]]]}},{"type":"Feature","properties":{"nhood":"02X"},"geometry":{"type":"MultiPolygon","coordinates":[[[[-122.282162,37.796265],[-122.283889,37.79371],[-122.286744,37.793788],[-122.28874,37.793629],[-122.289636,37.793557],[-122.290902,37.79331],[-122.291273,37.793238],[-122.291991,37.793099],[-122.294282,37.792454],[-122.295296,37.792254],[-122.296343,37.792047],[-122.303677,37.792123],[-122.303693,37.792126],[-122.29882,37.79765],[-122.295163,37.801763],[-122.294997,37.801951],[-122.294727,37.802253],[-122.294658,37.802331],[-122.294617,37.802439],[-122.294215,37.803496],[-122.294092,37.803823],[-122.293713,37.80491],[-122.293579,37.805038],[-122.293179,37.806045],[-122.293183,37.806229],[-122.292737,37.807474],[-122.292365,37.808347],[-122.292086,37.809114],[-122.29185,37.809857],[-122.291526,37.810725],[-122.29152,37.810806],[-122.291182,37.810727],[-122.29023,37.810514],[-122.290133,37.810488],[-122.289915,37.810428],[-122.289284,37.81027],[-122.288609,37.81011],[-122.288325,37.810043],[-122.288194,37.810012],[-122.28724,37.809793],[-122.287084,37.809756],[-122.286295,37.809577],[-122.286154,37.809544],[-122.285279,37.809339],[-122.285047,37.809288],[-122.284381,37.809139],[-122.283998,37.809053],[-122.283797,37.809009],[-122.283421,37.808921],[-122.283366,37.808908],[-122.28331,37.808896],[-122.283253,37.808887],[-122.283195,37.808878],[-122.283138,37.808871],[-122.283081,37.808866],[-122.282954,37.808858],[-122.28288,37.808853],[-122.282856,37.808851],[-122.282833,37.80885],[-122.282784,37.808845],[-122.282761,37.808842],[-122.282737,37.80884],[-122.282691,37.808833],[-122.282668,37.808829],[-122.282645,37.808825],[-122.282598,37.808816],[-122.281914,37.808658],[-122.281791,37.80863],[-122.281738,37.808616],[-122.281686,37.808599],[-122.281636,37.808582],[-122.281585,37.808562],[-122.281536,37.808542],[-122.281487,37.80852],[-122.28144,37.808496],[-122.281394,37.808471],[-122.280892,37.808194],[-122.280352,37.807896],[-122.280294,37.807868],[-122.280235,37.80784],[-122.280177,37.807814],[-122.280116,37.807789],[-122.280056,37.807764],[-122.279995,37.80774],[-122.279665,37.807613],[-122.279532,37.807561],[-122.279335,37.807483],[-122.279006,37.807352],[-122.278679,37.80722],[-122.279092,37.806551],[-122.27949,37.805887],[-122.279714,37.80554],[-122.279934,37.805182],[-122.27996,37.805142],[-122.280006,37.805079],[-122.280076,37.804975],[-122.280144,37.80487],[-122.280213,37.804766],[-122.280278,37.80466],[-122.280341,37.804554],[-122.280366,37.80451],[-122.280391,37.804465],[-122.280412,37.80442],[-122.280432,37.804374],[-122.280452,37.804328],[-122.280468,37.804281],[-122.280482,37.804234],[-122.280495,37.804187],[-122.280506,37.80414],[-122.280515,37.804092],[-122.280599,37.803702],[-122.280602,37.803686],[-122.280626,37.803583],[-122.280637,37.803532],[-122.280651,37.803482],[-122.280667,37.803431],[-122.280687,37.803382],[-122.280708,37.803333],[-122.280731,37.803285],[-122.280756,37.803237],[-122.280783,37.803191],[-122.2813,37.80237],[-122.280332,37.801999],[-122.279974,37.801862],[-122.279865,37.80182],[-122.27995,37.801747],[-122.279957,37.801742],[-122.280104,37.801613],[-122.280206,37.801526],[-122.280264,37.801477],[-122.280425,37.801341],[-122.280452,37.801312],[-122.280479,37.801283],[-122.280506,37.801253],[-122.280529,37.801222],[-122.280553,37.801191],[-122.280573,37.801159],[-122.280578,37.80115],[-122.28068,37.800991],[-122.280745,37.800891],[-122.280748,37.800885],[-122.280826,37.800762],[-122.28083,37.800757],[-122.280838,37.800745],[-122.281017,37.800468],[-122.28145,37.79978],[-122.281882,37.799089],[-122.282307,37.798409],[-122.282835,37.797606],[-122.282632,37.797527],[-122.282393,37.79743],[-122.281605,37.797141],[-122.282162,37.796265]]]]}},{"type":"Feature","properties":{"nhood":"02Y"},"geometry":{"type":"MultiPolygon","coordinates":[[[[-122.29152,37.810806],[-122.291526,37.810725],[-122.29185,37.809857],[-122.292086,37.809114],[-122.292365,37.808347],[-122.292737,37.807474],[-122.293183,37.806229],[-122.293179,37.806045],[-122.293579,37.805038],[-122.293713,37.80491],[-122.294092,37.803823],[-122.294215,37.803496],[-122.294617,37.802439],[-122.294658,37.802331],[-122.294727,37.802253],[-122.294997,37.801951],[-122.295163,37.801763],[-122.29882,37.79765],[-122.303693,37.792126],[-122.304032,37.792191],[-122.304806,37.79234],[-122.309621,37.793346],[-122.330621,37.798372],[-122.366146,37.805356],[-122.367461,37.805615],[-122.366843,37.812209],[-122.351115,37.811467],[-122.321508,37.810019],[-122.31926,37.809202],[-122.318547,37.809135],[-122.318061,37.809089],[-122.317613,37.809044],[-122.31719,37.809003],[-122.317062,37.808991],[-122.316729,37.808964],[-122.316394,37.808937],[-122.316059,37.808909],[-122.315726,37.808879],[-122.315627,37.808885],[-122.314851,37.808846],[-122.314755,37.808833],[-122.314466,37.808814],[-122.314178,37.808795],[-122.313889,37.808778],[-122.313599,37.808761],[-122.313433,37.808752],[-122.313254,37.808742],[-122.313082,37.808731],[-122.312909,37.808717],[-122.31276,37.808704],[-122.312565,37.808685],[-122.312442,37.808674],[-122.312319,37.808665],[-122.312073,37.808653],[-122.311987,37.808666],[-122.311902,37.808679],[-122.311818,37.808695],[-122.311733,37.808712],[-122.311667,37.808727],[-122.311566,37.80875],[-122.311484,37.808772],[-122.311401,37.808796],[-122.311305,37.80883],[-122.311234,37.808846],[-122.31113,37.808866],[-122.311045,37.808885],[-122.31099,37.808888],[-122.310933,37.808889],[-122.310876,37.808888],[-122.310819,37.80889],[-122.309689,37.808923],[-122.308054,37.809372],[-122.308012,37.809556],[-122.306906,37.810284],[-122.30575,37.811082],[-122.3042,37.812195],[-122.303722,37.812086],[-122.303356,37.811962],[-122.303063,37.811818],[-122.302555,37.811631],[-122.301504,37.811114],[-122.301463,37.810999],[-122.301166,37.81138],[-122.300934,37.811674],[-122.300858,37.811768],[-122.300261,37.812525],[-122.300188,37.812605],[-122.300143,37.812715],[-122.299815,37.813346],[-122.299084,37.813957],[-122.298545,37.813678],[-122.297825,37.813306],[-122.296538,37.812654],[-122.295245,37.812009],[-122.293957,37.811372],[-122.29289,37.81112],[-122.291741,37.810858],[-122.29152,37.810806]]]]}},{"type":"Feature","properties":{"nhood":"03X"},"geometry":{"type":"MultiPolygon","coordinates":[[[[-122.262214,37.792203],[-122.262309,37.792072],[-122.262655,37.792367],[-122.262764,37.79246],[-122.263367,37.792974],[-122.263597,37.79317],[-122.263754,37.793301],[-122.263909,37.793433],[-122.263966,37.79348],[-122.26413,37.793521],[-122.264176,37.793559],[-122.26425,37.793619],[-122.264325,37.793677],[-122.264403,37.793734],[-122.264482,37.793789],[-122.264565,37.793843],[-122.264637,37.793892],[-122.264711,37.793941],[-122.264786,37.793988],[-122.264864,37.794032],[-122.264942,37.794077],[-122.265021,37.794119],[-122.265102,37.794159],[-122.265186,37.794199],[-122.265585,37.794383],[-122.265606,37.794393],[-122.26569,37.794432],[-122.265753,37.794461],[-122.265818,37.794489],[-122.265882,37.794516],[-122.265947,37.794542],[-122.266013,37.794567],[-122.266761,37.794871],[-122.267479,37.795153],[-122.267937,37.795334],[-122.26911,37.795804],[-122.271477,37.796737],[-122.271977,37.796936],[-122.272627,37.79719],[-122.272863,37.797283],[-122.272999,37.797336],[-122.273209,37.797419],[-122.273751,37.797611],[-122.273876,37.797621],[-122.274629,37.797902],[-122.275076,37.79812],[-122.275016,37.798215],[-122.274955,37.79831],[-122.274955,37.79831],[-122.274879,37.798432],[-122.274794,37.798569],[-122.274772,37.798604],[-122.274657,37.798788],[-122.274636,37.798825],[-122.274379,37.799245],[-122.274214,37.799512],[-122.273774,37.800201],[-122.273352,37.800883],[-122.272932,37.801563],[-122.272931,37.801565],[-122.272493,37.80226],[-122.272058,37.802955],[-122.271628,37.803649],[-122.271501,37.803839],[-122.271185,37.804313],[-122.26999,37.803857],[-122.269444,37.803644],[-122.268794,37.803386],[-122.267665,37.802947],[-122.267614,37.802927],[-122.266437,37.802464],[-122.265252,37.801998],[-122.264069,37.80154],[-122.262891,37.801072],[-122.262725,37.801043],[-122.262677,37.801023],[-122.26263,37.801],[-122.262585,37.800976],[-122.262541,37.800951],[-122.262497,37.800925],[-122.262455,37.800898],[-122.262414,37.80087],[-122.262375,37.80084],[-122.262337,37.800809],[-122.262301,37.800777],[-122.262266,37.800744],[-122.262232,37.80071],[-122.262204,37.800674],[-122.261406,37.800651],[-122.261455,37.800016],[-122.261375,37.79981],[-122.261315,37.799655],[-122.260873,37.799334],[-122.260192,37.799068],[-122.259534,37.798819],[-122.259402,37.798763],[-122.259357,37.798469],[-122.25949,37.79806],[-122.25953,37.797932],[-122.259593,37.797732],[-122.259515,37.796551],[-122.259567,37.796293],[-122.259582,37.796249],[-122.259734,37.795792],[-122.259839,37.795622],[-122.259915,37.795543],[-122.260022,37.795475],[-122.260246,37.79537],[-122.260423,37.795316],[-122.260718,37.795253],[-122.26095,37.795132],[-122.261091,37.795012],[-122.261197,37.794866],[-122.26123,37.794781],[-122.261252,37.794724],[-122.261249,37.794595],[-122.261197,37.794455],[-122.261126,37.794217],[-122.261129,37.794123],[-122.261167,37.794037],[-122.261218,37.79393],[-122.261363,37.793766],[-122.261479,37.793635],[-122.261565,37.793545],[-122.261656,37.793426],[-122.261717,37.79332],[-122.261754,37.793186],[-122.261809,37.79301],[-122.261883,37.792836],[-122.262058,37.792471],[-122.262137,37.792308],[-122.262214,37.792203]]]]}},{"type":"Feature","properties":{"nhood":"03Y"},"geometry":{"type":"MultiPolygon","coordinates":[[[[-122.275016,37.798215],[-122.275076,37.79812],[-122.275483,37.798286],[-122.276179,37.798569],[-122.276292,37.798615],[-122.277473,37.799071],[-122.277485,37.799076],[-122.277962,37.799264],[-122.27866,37.799539],[-122.279837,37.800006],[-122.281017,37.800468],[-122.280838,37.800745],[-122.28083,37.800757],[-122.280826,37.800762],[-122.280748,37.800885],[-122.280745,37.800891],[-122.28068,37.800991],[-122.280578,37.80115],[-122.280573,37.801159],[-122.280553,37.801191],[-122.280529,37.801222],[-122.280506,37.801253],[-122.280479,37.801283],[-122.280452,37.801312],[-122.280425,37.801341],[-122.280264,37.801477],[-122.280206,37.801526],[-122.280104,37.801613],[-122.279957,37.801742],[-122.27995,37.801747],[-122.279865,37.80182],[-122.279974,37.801862],[-122.280332,37.801999],[-122.2813,37.80237],[-122.280783,37.803191],[-122.280756,37.803237],[-122.280731,37.803285],[-122.280708,37.803333],[-122.280687,37.803382],[-122.280667,37.803431],[-122.280651,37.803482],[-122.280637,37.803532],[-122.280626,37.803583],[-122.280602,37.803686],[-122.280599,37.803702],[-122.280515,37.804092],[-122.280506,37.80414],[-122.280495,37.804187],[-122.280482,37.804234],[-122.280468,37.804281],[-122.280452,37.804328],[-122.280432,37.804374],[-122.280412,37.80442],[-122.280391,37.804465],[-122.280366,37.80451],[-122.280341,37.804554],[-122.280278,37.80466],[-122.280213,37.804766],[-122.280144,37.80487],[-122.280076,37.804975],[-122.280006,37.805079],[-122.27996,37.805142],[-122.279934,37.805182],[-122.279714,37.80554],[-122.27949,37.805887],[-122.279092,37.806551],[-122.278679,37.80722],[-122.278459,37.807141],[-122.278452,37.807138],[-122.278445,37.807135],[-122.278281,37.807076],[-122.27827,37.807072],[-122.278266,37.807071],[-122.278264,37.80707],[-122.278263,37.80707],[-122.278262,37.807069],[-122.278258,37.807068],[-122.278241,37.807062],[-122.278237,37.80706],[-122.278148,37.807029],[-122.278012,37.80698],[-122.277768,37.806892],[-122.27757,37.806822],[-122.277382,37.806755],[-122.277232,37.8067],[-122.277136,37.806664],[-122.276522,37.806423],[-122.275977,37.806207],[-122.274792,37.805741],[-122.273606,37.805277],[-122.272438,37.804811],[-122.272122,37.804689],[-122.271809,37.804566],[-122.271496,37.80444],[-122.271185,37.804313],[-122.271501,37.803839],[-122.271628,37.803649],[-122.272058,37.802955],[-122.272493,37.80226],[-122.27293,37.801567],[-122.272931,37.801565],[-122.272932,37.801563],[-122.273352,37.800883],[-122.273774,37.800201],[-122.274214,37.799512],[-122.274379,37.799245],[-122.274636,37.798825],[-122.274657,37.798788],[-122.274772,37.798604],[-122.274794,37.798569],[-122.274879,37.798432],[-122.274944,37.798327],[-122.274955,37.79831],[-122.274955,37.79831],[-122.274966,37.798294],[-122.275016,37.798215]]]]}},{"type":"Feature","properties":{"nhood":"04X"},"geometry":{"type":"MultiPolygon","coordinates":[[[[-122.261612,37.810686],[-122.261589,37.810549],[-122.261811,37.810552],[-122.261947,37.810492],[-122.262003,37.810446],[-122.26211,37.810358],[-122.262231,37.81005],[-122.262388,37.809682],[-122.262447,37.809463],[-122.262551,37.809169],[-122.262563,37.808899],[-122.262693,37.808569],[-122.262799,37.808385],[-122.262869,37.808216],[-122.262974,37.807988],[-122.262985,37.807688],[-122.262974,37.807243],[-122.262855,37.806873],[-122.262757,37.806597],[-122.262576,37.806337],[-122.262415,37.806179],[-122.262329,37.806041],[-122.262196,37.805839],[-122.262091,37.80568],[-122.262013,37.805499],[-122.261953,37.80531],[-122.261804,37.805232],[-122.261775,37.805178],[-122.261676,37.805179],[-122.26162,37.805174],[-122.261133,37.804818],[-122.260668,37.804463],[-122.260627,37.804235],[-122.260543,37.803774],[-122.260743,37.803029],[-122.260972,37.802612],[-122.260728,37.802408],[-122.260931,37.801801],[-122.261276,37.801675],[-122.261287,37.801226],[-122.261406,37.800651],[-122.262204,37.800674],[-122.262232,37.80071],[-122.262266,37.800744],[-122.262301,37.800777],[-122.262337,37.800809],[-122.262375,37.80084],[-122.262414,37.80087],[-122.262455,37.800898],[-122.262497,37.800925],[-122.262541,37.800951],[-122.262585,37.800976],[-122.26263,37.801],[-122.262677,37.801023],[-122.262725,37.801043],[-122.262891,37.801072],[-122.264069,37.80154],[-122.265252,37.801998],[-122.266437,37.802464],[-122.267614,37.802927],[-122.267665,37.802947],[-122.268794,37.803386],[-122.269444,37.803644],[-122.26999,37.803857],[-122.271185,37.804313],[-122.271496,37.80444],[-122.271809,37.804566],[-122.272122,37.804689],[-122.272438,37.804811],[-122.273606,37.805277],[-122.274792,37.805741],[-122.275977,37.806207],[-122.276522,37.806423],[-122.277136,37.806664],[-122.277232,37.8067],[-122.277382,37.806755],[-122.27757,37.806822],[-122.277768,37.806892],[-122.278012,37.80698],[-122.278148,37.807029],[-122.278263,37.80707],[-122.278264,37.80707],[-122.278266,37.807071],[-122.278452,37.807138],[-122.278679,37.80722],[-122.278339,37.807779],[-122.278289,37.807847],[-122.278229,37.807928],[-122.278178,37.80799],[-122.278131,37.808047],[-122.278074,37.808112],[-122.278015,37.808175],[-122.277946,37.808261],[-122.277875,37.808346],[-122.277803,37.808429],[-122.277729,37.808512],[-122.277693,37.808551],[-122.277653,37.808594],[-122.277575,37.808675],[-122.277523,37.808741],[-122.277467,37.808806],[-122.277412,37.80887],[-122.277353,37.808932],[-122.277292,37.808994],[-122.277231,37.809054],[-122.277166,37.809113],[-122.2771,37.809171],[-122.277043,37.80924],[-122.276978,37.809319],[-122.276919,37.809394],[-122.276862,37.809469],[-122.276806,37.809546],[-122.276771,37.809595],[-122.276598,37.809674],[-122.276563,37.809721],[-122.276449,37.809923],[-122.276477,37.810016],[-122.276438,37.810061],[-122.276391,37.810114],[-122.276342,37.810167],[-122.276289,37.810218],[-122.275938,37.810582],[-122.275762,37.810764],[-122.275695,37.810836],[-122.275629,37.810907],[-122.27556,37.810976],[-122.27549,37.811045],[-122.275417,37.811114],[-122.275345,37.811181],[-122.275272,37.811247],[-122.275195,37.811312],[-122.275095,37.811394],[-122.274993,37.811474],[-122.27489,37.811552],[-122.274784,37.81163],[-122.274639,37.811735],[-122.274497,37.811842],[-122.274355,37.81195],[-122.27386,37.812316],[-122.273566,37.812534],[-122.273415,37.812668],[-122.273108,37.812613],[-122.27277,37.812553],[-122.271402,37.812318],[-122.268996,37.811897],[-122.267859,37.811683],[-122.266734,37.811476],[-122.265868,37.811447],[-122.265793,37.811445],[-122.265719,37.811441],[-122.265644,37.811436],[-122.26557,37.81143],[-122.265495,37.811422],[-122.265422,37.811413],[-122.264317,37.811232],[-122.262374,37.810923],[-122.26155,37.810791],[-122.261612,37.810686]]]]}},{"type":"Feature","properties":{"nhood":"05X"},"geometry":{"type":"MultiPolygon","coordinates":[[[[-122.278339,37.807779],[-122.278679,37.80722],[-122.279006,37.807352],[-122.279335,37.807483],[-122.279532,37.807561],[-122.279665,37.807613],[-122.279995,37.80774],[-122.280056,37.807764],[-122.280116,37.807789],[-122.280177,37.807814],[-122.280235,37.80784],[-122.280294,37.807868],[-122.280352,37.807896],[-122.280892,37.808194],[-122.281394,37.808471],[-122.28144,37.808496],[-122.281487,37.80852],[-122.281536,37.808542],[-122.281585,37.808562],[-122.281636,37.808582],[-122.281686,37.808599],[-122.281738,37.808616],[-122.281791,37.80863],[-122.281914,37.808658],[-122.282598,37.808816],[-122.282668,37.808829],[-122.282761,37.808842],[-122.282856,37.808851],[-122.282954,37.808858],[-122.283081,37.808866],[-122.283138,37.808871],[-122.283195,37.808878],[-122.283253,37.808887],[-122.28331,37.808896],[-122.283366,37.808908],[-122.283421,37.808921],[-122.283797,37.809009],[-122.283998,37.809053],[-122.284381,37.809139],[-122.285047,37.809288],[-122.285279,37.809339],[-122.286154,37.809544],[-122.286295,37.809577],[-122.287084,37.809756],[-122.28724,37.809793],[-122.288194,37.810012],[-122.288325,37.810043],[-122.288609,37.81011],[-122.289284,37.81027],[-122.289915,37.810428],[-122.290133,37.810488],[-122.29023,37.810514],[-122.291182,37.810727],[-122.29152,37.810806],[-122.29149,37.810829],[-122.291395,37.811135],[-122.290849,37.812515],[-122.290368,37.813864],[-122.289912,37.815141],[-122.289471,37.816592],[-122.289465,37.816836],[-122.289392,37.816814],[-122.289319,37.81679],[-122.289247,37.816764],[-122.289177,37.816738],[-122.28888,37.816677],[-122.288766,37.816653],[-122.288584,37.816613],[-122.288289,37.816545],[-122.288044,37.816487],[-122.287995,37.816475],[-122.287116,37.816276],[-122.2867,37.816182],[-122.286152,37.816057],[-122.286054,37.816034],[-122.285152,37.81583],[-122.285067,37.815811],[-122.284079,37.815589],[-122.283967,37.815563],[-122.282989,37.815338],[-122.282886,37.815315],[-122.28189,37.815088],[-122.281821,37.815072],[-122.280856,37.81485],[-122.280787,37.814833],[-122.280696,37.814811],[-122.280625,37.814794],[-122.280552,37.814778],[-122.280477,37.814763],[-122.280404,37.81475],[-122.280329,37.814738],[-122.280254,37.814727],[-122.28018,37.814718],[-122.280103,37.81471],[-122.280029,37.814704],[-122.279956,37.814699],[-122.279743,37.814689],[-122.279663,37.814686],[-122.279583,37.814682],[-122.279503,37.814676],[-122.279424,37.814668],[-122.279346,37.814659],[-122.279267,37.814648],[-122.279187,37.814635],[-122.279111,37.814621],[-122.279033,37.814605],[-122.278956,37.814587],[-122.278879,37.814568],[-122.278804,37.814547],[-122.278729,37.814525],[-122.278656,37.814501],[-122.278324,37.814373],[-122.278048,37.814267],[-122.277047,37.813876],[-122.275878,37.813412],[-122.274711,37.81297],[-122.274627,37.812941],[-122.274539,37.812912],[-122.274454,37.812886],[-122.274365,37.81286],[-122.274278,37.812836],[-122.274189,37.812814],[-122.2741,37.812793],[-122.27401,37.812773],[-122.273415,37.812668],[-122.273566,37.812534],[-122.27386,37.812316],[-122.274355,37.81195],[-122.274497,37.811842],[-122.274639,37.811735],[-122.274784,37.81163],[-122.27489,37.811552],[-122.274993,37.811474],[-122.275095,37.811394],[-122.275195,37.811312],[-122.275272,37.811247],[-122.275345,37.811181],[-122.275417,37.811114],[-122.27549,37.811045],[-122.27556,37.810976],[-122.275629,37.810907],[-122.275695,37.810836],[-122.275762,37.810764],[-122.275938,37.810582],[-122.276289,37.810218],[-122.276342,37.810167],[-122.276391,37.810114],[-122.276438,37.810061],[-122.276477,37.810016],[-122.276449,37.809923],[-122.276563,37.809721],[-122.276598,37.809674],[-122.276771,37.809595],[-122.276806,37.809546],[-122.276862,37.809469],[-122.276919,37.809394],[-122.276978,37.809319],[-122.277043,37.80924],[-122.2771,37.809171],[-122.277166,37.809113],[-122.277231,37.809054],[-122.277292,37.808994],[-122.277353,37.808932],[-122.277412,37.80887],[-122.277467,37.808806],[-122.277523,37.808741],[-122.277575,37.808675],[-122.277653,37.808594],[-122.277693,37.808551],[-122.277729,37.808512],[-122.277803,37.808429],[-122.277875,37.808346],[-122.277946,37.808261],[-122.278015,37.808175],[-122.278074,37.808112],[-122.278131,37.808047],[-122.278178,37.80799],[-122.278229,37.807928],[-122.278289,37.807847],[-122.278339,37.807779]]]]}},{"type":"Feature","properties":{"nhood":"05Y"},"geometry":{"type":"MultiPolygon","coordinates":[[[[-122.289465,37.816836],[-122.289471,37.816592],[-122.289912,37.815141],[-122.290368,37.813864],[-122.290849,37.812515],[-122.291395,37.811135],[-122.29149,37.810829],[-122.29152,37.810806],[-122.291741,37.810858],[-122.29289,37.81112],[-122.293957,37.811372],[-122.295245,37.812009],[-122.296538,37.812654],[-122.297825,37.813306],[-122.298545,37.813678],[-122.299084,37.813957],[-122.299815,37.813346],[-122.300143,37.812715],[-122.300188,37.812605],[-122.300261,37.812525],[-122.300858,37.811768],[-122.300934,37.811674],[-122.301166,37.81138],[-122.301463,37.810999],[-122.301504,37.811114],[-122.302555,37.811631],[-122.303063,37.811818],[-122.303356,37.811962],[-122.303722,37.812086],[-122.3042,37.812195],[-122.30575,37.811082],[-122.306906,37.810284],[-122.308012,37.809556],[-122.308054,37.809372],[-122.309689,37.808923],[-122.310819,37.80889],[-122.310876,37.808888],[-122.310933,37.808889],[-122.31099,37.808888],[-122.311045,37.808885],[-122.31113,37.808866],[-122.311234,37.808846],[-122.311305,37.80883],[-122.311401,37.808796],[-122.311484,37.808772],[-122.311566,37.80875],[-122.311667,37.808727],[-122.311733,37.808712],[-122.311818,37.808695],[-122.311902,37.808679],[-122.311987,37.808666],[-122.312073,37.808653],[-122.312319,37.808665],[-122.312442,37.808674],[-122.312565,37.808685],[-122.31276,37.808704],[-122.312909,37.808717],[-122.313082,37.808731],[-122.313254,37.808742],[-122.313433,37.808752],[-122.313599,37.808761],[-122.313889,37.808778],[-122.314178,37.808795],[-122.314466,37.808814],[-122.314755,37.808833],[-122.314851,37.808846],[-122.315627,37.808885],[-122.315726,37.808879],[-122.316059,37.808909],[-122.316394,37.808937],[-122.316729,37.808964],[-122.317062,37.808991],[-122.31719,37.809003],[-122.317613,37.809044],[-122.318061,37.809089],[-122.318547,37.809135],[-122.31926,37.809202],[-122.321508,37.810019],[-122.351115,37.811467],[-122.366843,37.812209],[-122.366429,37.816626],[-122.366429,37.816626],[-122.329917,37.821344],[-122.329711,37.821376],[-122.329608,37.821392],[-122.328736,37.821406],[-122.328628,37.821408],[-122.328521,37.821412],[-122.328416,37.821417],[-122.328308,37.821423],[-122.328201,37.82143],[-122.32767,37.821506],[-122.327032,37.821608],[-122.326709,37.82166],[-122.325771,37.821806],[-122.3253,37.821879],[-122.324434,37.822013],[-122.323996,37.82208],[-122.323149,37.822214],[-122.322727,37.82228],[-122.321868,37.822415],[-122.321437,37.822485],[-122.32064,37.822622],[-122.320384,37.822647],[-122.320091,37.822684],[-122.318999,37.822907],[-122.318526,37.82298],[-122.318059,37.823067],[-122.317712,37.823129],[-122.317581,37.82315],[-122.3174,37.823161],[-122.317152,37.823223],[-122.316274,37.823371],[-122.315883,37.823436],[-122.315225,37.823564],[-122.314806,37.823634],[-122.31418,37.823739],[-122.313776,37.823808],[-122.313338,37.823888],[-122.312483,37.824037],[-122.312226,37.824084],[-122.311316,37.824241],[-122.310759,37.824328],[-122.310034,37.824427],[-122.309729,37.824462],[-122.309554,37.824475],[-122.308967,37.824537],[-122.308409,37.824595],[-122.308053,37.824627],[-122.307387,37.824704],[-122.307098,37.824728],[-122.306765,37.824776],[-122.306389,37.824826],[-122.305897,37.824891],[-122.305766,37.824921],[-122.305521,37.824872],[-122.305291,37.824813],[-122.304891,37.824691],[-122.303893,37.824167],[-122.303634,37.824048],[-122.303461,37.823981],[-122.302977,37.823778],[-122.302672,37.823638],[-122.302334,37.82349],[-122.30173,37.82322],[-122.301095,37.822946],[-122.301015,37.822922],[-122.300427,37.822685],[-122.300042,37.822489],[-122.299765,37.822349],[-122.299437,37.822195],[-122.299082,37.822036],[-122.298555,37.821803],[-122.297899,37.821479],[-122.297145,37.821146],[-122.296841,37.821012],[-122.296582,37.820887],[-122.29638,37.820771],[-122.296113,37.820608],[-122.295856,37.820431],[-122.295638,37.820253],[-122.295196,37.819875],[-122.294786,37.819573],[-122.294384,37.819277],[-122.294308,37.819222],[-122.294192,37.819165],[-122.29415,37.819144],[-122.2938,37.818974],[-122.29339,37.818842],[-122.292975,37.818626],[-122.292456,37.818369],[-122.292112,37.818193],[-122.291583,37.817925],[-122.291164,37.817715],[-122.290831,37.81755],[-122.290424,37.817346],[-122.29031,37.817285],[-122.290196,37.817224],[-122.290084,37.817161],[-122.289972,37.817097],[-122.289859,37.817033],[-122.289749,37.816968],[-122.289705,37.816942],[-122.289657,37.816917],[-122.289612,37.816896],[-122.289563,37.816874],[-122.289514,37.816854],[-122.289465,37.816836]]]]}},{"type":"Feature","properties":{"nhood":"06X"},"geometry":{"type":"MultiPolygon","coordinates":[[[[-122.267249,37.829595],[-122.267396,37.828874],[-122.267597,37.827946],[-122.26779,37.827169],[-122.267848,37.826979],[-122.267939,37.826681],[-122.268055,37.826304],[-122.268107,37.826102],[-122.268167,37.825864],[-122.268207,37.825709],[-122.268312,37.825303],[-122.268356,37.825138],[-122.268434,37.824849],[-122.268447,37.824803],[-122.26852,37.824529],[-122.268545,37.824433],[-122.268587,37.824277],[-122.268615,37.824169],[-122.268642,37.82407],[-122.268657,37.824015],[-122.268684,37.823912],[-122.268788,37.823516],[-122.268895,37.823113],[-122.268941,37.822942],[-122.268952,37.822899],[-122.26916,37.822108],[-122.269233,37.821835],[-122.269515,37.820805],[-122.269638,37.820348],[-122.269868,37.819483],[-122.269939,37.819214],[-122.270028,37.818883],[-122.270113,37.818571],[-122.270236,37.81815],[-122.270366,37.817937],[-122.270419,37.817745],[-122.270475,37.817554],[-122.270532,37.817363],[-122.270594,37.817173],[-122.27065,37.817005],[-122.270707,37.816837],[-122.270763,37.816667],[-122.27082,37.816498],[-122.270857,37.816394],[-122.270877,37.816341],[-122.270895,37.816291],[-122.27093,37.816187],[-122.270964,37.816083],[-122.270998,37.815978],[-122.27103,37.815873],[-122.271076,37.81575],[-122.271121,37.815625],[-122.271152,37.815539],[-122.271167,37.815501],[-122.271212,37.815377],[-122.271266,37.815257],[-122.271324,37.815137],[-122.271384,37.815018],[-122.271447,37.8149],[-122.271494,37.814814],[-122.271558,37.814702],[-122.271616,37.814604],[-122.271678,37.814507],[-122.27174,37.814411],[-122.271805,37.814316],[-122.271872,37.814222],[-122.271941,37.814128],[-122.271994,37.814055],[-122.27205,37.813983],[-122.272109,37.813911],[-122.272167,37.813841],[-122.272228,37.813771],[-122.272292,37.813703],[-122.272356,37.813635],[-122.272422,37.813569],[-122.272512,37.813483],[-122.272565,37.813432],[-122.272602,37.813398],[-122.272692,37.813312],[-122.272785,37.813229],[-122.273415,37.812668],[-122.27401,37.812773],[-122.274276,37.813602],[-122.274362,37.813896],[-122.274605,37.814646],[-122.274671,37.814849],[-122.274781,37.815178],[-122.274838,37.815405],[-122.274957,37.815735],[-122.275097,37.816178],[-122.275199,37.816458],[-122.275349,37.816954],[-122.275434,37.817219],[-122.275624,37.817745],[-122.275665,37.817925],[-122.275841,37.818535],[-122.275959,37.818834],[-122.276183,37.819536],[-122.276399,37.820228],[-122.276498,37.820516],[-122.276619,37.820883],[-122.276831,37.82155],[-122.276963,37.821962],[-122.277173,37.822607],[-122.277291,37.822983],[-122.277524,37.823679],[-122.277781,37.824508],[-122.277964,37.825077],[-122.278018,37.825226],[-122.278375,37.826374],[-122.278449,37.826607],[-122.278511,37.826804],[-122.278582,37.827029],[-122.278567,37.827103],[-122.27844,37.827718],[-122.278614,37.828349],[-122.278631,37.828412],[-122.278641,37.828445],[-122.278663,37.828523],[-122.278694,37.828634],[-122.278764,37.828889],[-122.278568,37.829447],[-122.278436,37.829777],[-122.278239,37.830272],[-122.278003,37.830932],[-122.277881,37.831273],[-122.277724,37.831247],[-122.277536,37.831217],[-122.276657,37.831072],[-122.276556,37.831056],[-122.275723,37.830916],[-122.274502,37.830733],[-122.27394,37.830651],[-122.272063,37.830347],[-122.271013,37.830189],[-122.270148,37.830078],[-122.269675,37.829999],[-122.268434,37.829788],[-122.268304,37.829766],[-122.267699,37.829668],[-122.267486,37.829634],[-122.267249,37.829595]]]]}},{"type":"Feature","properties":{"nhood":"07X"},"geometry":{"type":"MultiPolygon","coordinates":[[[[-122.278567,37.827103],[-122.278582,37.827029],[-122.278511,37.826804],[-122.278449,37.826607],[-122.278375,37.826374],[-122.278018,37.825226],[-122.277964,37.825077],[-122.277781,37.824508],[-122.277524,37.823679],[-122.277291,37.822983],[-122.277173,37.822607],[-122.276963,37.821962],[-122.276831,37.82155],[-122.276619,37.820883],[-122.276498,37.820516],[-122.276399,37.820228],[-122.276183,37.819536],[-122.275959,37.818834],[-122.275841,37.818535],[-122.275665,37.817925],[-122.275624,37.817745],[-122.275434,37.817219],[-122.275349,37.816954],[-122.275199,37.816458],[-122.275097,37.816178],[-122.274957,37.815735],[-122.274838,37.815405],[-122.274781,37.815178],[-122.274671,37.814849],[-122.274605,37.814646],[-122.274362,37.813896],[-122.274276,37.813602],[-122.27401,37.812773],[-122.2741,37.812793],[-122.274189,37.812814],[-122.274278,37.812836],[-122.274365,37.81286],[-122.274454,37.812886],[-122.274539,37.812912],[-122.274627,37.812941],[-122.274711,37.81297],[-122.275878,37.813412],[-122.277047,37.813876],[-122.278048,37.814267],[-122.278324,37.814373],[-122.278656,37.814501],[-122.278729,37.814525],[-122.278804,37.814547],[-122.278879,37.814568],[-122.278956,37.814587],[-122.279033,37.814605],[-122.279111,37.814621],[-122.279187,37.814635],[-122.279267,37.814648],[-122.279346,37.814659],[-122.279424,37.814668],[-122.279503,37.814676],[-122.279583,37.814682],[-122.279663,37.814686],[-122.279743,37.814689],[-122.279956,37.814699],[-122.280029,37.814704],[-122.280103,37.81471],[-122.28018,37.814718],[-122.280254,37.814727],[-122.280329,37.814738],[-122.280404,37.81475],[-122.280477,37.814763],[-122.280552,37.814778],[-122.280625,37.814794],[-122.280696,37.814811],[-122.280787,37.814833],[-122.280856,37.81485],[-122.281821,37.815072],[-122.28189,37.815088],[-122.282886,37.815315],[-122.282989,37.815338],[-122.283967,37.815563],[-122.284079,37.815589],[-122.285067,37.815811],[-122.285152,37.81583],[-122.286054,37.816034],[-122.286152,37.816057],[-122.2867,37.816182],[-122.287116,37.816276],[-122.287995,37.816475],[-122.288044,37.816487],[-122.288289,37.816545],[-122.288584,37.816613],[-122.288766,37.816653],[-122.28888,37.816677],[-122.289177,37.816738],[-122.289247,37.816764],[-122.289319,37.81679],[-122.289392,37.816814],[-122.289465,37.816836],[-122.289514,37.816854],[-122.289563,37.816874],[-122.289612,37.816896],[-122.289657,37.816917],[-122.289705,37.816942],[-122.289749,37.816968],[-122.289859,37.817033],[-122.289972,37.817097],[-122.290084,37.817161],[-122.290196,37.817224],[-122.29031,37.817285],[-122.290424,37.817346],[-122.290831,37.81755],[-122.291164,37.817715],[-122.291583,37.817925],[-122.292112,37.818193],[-122.292456,37.818369],[-122.292975,37.818626],[-122.29339,37.818842],[-122.2938,37.818974],[-122.29415,37.819144],[-122.294192,37.819165],[-122.294308,37.819222],[-122.294384,37.819277],[-122.294786,37.819573],[-122.295196,37.819875],[-122.295638,37.820253],[-122.295856,37.820431],[-122.296113,37.820608],[-122.29638,37.820771],[-122.296582,37.820887],[-122.296841,37.821012],[-122.297145,37.821146],[-122.297899,37.821479],[-122.298555,37.821803],[-122.299082,37.822036],[-122.299437,37.822195],[-122.299765,37.822349],[-122.300042,37.822489],[-122.300427,37.822685],[-122.301015,37.822922],[-122.301095,37.822946],[-122.30173,37.82322],[-122.302334,37.82349],[-122.302672,37.823638],[-122.302977,37.823778],[-122.303461,37.823981],[-122.303634,37.824048],[-122.303893,37.824167],[-122.304891,37.824691],[-122.305291,37.824813],[-122.305521,37.824872],[-122.305766,37.824921],[-122.305897,37.824891],[-122.306389,37.824826],[-122.306765,37.824776],[-122.307098,37.824728],[-122.307387,37.824704],[-122.308053,37.824627],[-122.308409,37.824595],[-122.308967,37.824537],[-122.309554,37.824475],[-122.309729,37.824462],[-122.310034,37.824427],[-122.310759,37.824328],[-122.311316,37.824241],[-122.312226,37.824084],[-122.312483,37.824037],[-122.313338,37.823888],[-122.313776,37.823808],[-122.31418,37.823739],[-122.314806,37.823634],[-122.315225,37.823564],[-122.315883,37.823436],[-122.316274,37.823371],[-122.317152,37.823223],[-122.3174,37.823161],[-122.317581,37.82315],[-122.317712,37.823129],[-122.318059,37.823067],[-122.318526,37.82298],[-122.318999,37.822907],[-122.320091,37.822684],[-122.320384,37.822647],[-122.32064,37.822622],[-122.321437,37.822485],[-122.321868,37.822415],[-122.322727,37.82228],[-122.323149,37.822214],[-122.323996,37.82208],[-122.324434,37.822013],[-122.3253,37.821879],[-122.325771,37.821806],[-122.326709,37.82166],[-122.327032,37.821608],[-122.32767,37.821506],[-122.328201,37.82143],[-122.328308,37.821423],[-122.328416,37.821417],[-122.328521,37.821412],[-122.328628,37.821408],[-122.328736,37.821406],[-122.329608,37.821392],[-122.329711,37.821376],[-122.329917,37.821344],[-122.366429,37.816626],[-122.36574,37.823988],[-122.364592,37.836248],[-122.335503,37.840654],[-122.302863,37.832913],[-122.300242,37.832291],[-122.296222,37.831337],[-122.294694,37.830973],[-122.294093,37.83083],[-122.293755,37.830749],[-122.293423,37.830671],[-122.293311,37.830644],[-122.29293,37.830556],[-122.292848,37.830537],[-122.290908,37.83007],[-122.290659,37.83001],[-122.29006,37.829866],[-122.288797,37.829563],[-122.288034,37.829379],[-122.287961,37.829362],[-122.287522,37.829256],[-122.286802,37.829083],[-122.285032,37.828657],[-122.284892,37.828624],[-122.284505,37.828531],[-122.284171,37.828451],[-122.282384,37.828021],[-122.282237,37.827986],[-122.282168,37.827969],[-122.282108,37.827953],[-122.282108,37.827953],[-122.281879,37.827899],[-122.28127,37.827752],[-122.281042,37.827697],[-122.280937,37.827672],[-122.279706,37.827376],[-122.279159,37.827245],[-122.279143,37.827241],[-122.278607,37.827113],[-122.278567,37.827103]]]]}},{"type":"Feature","properties":{"nhood":"08X"},"geometry":{"type":"MultiPolygon","coordinates":[[[[-122.256693,37.827539],[-122.257536,37.826201],[-122.257647,37.826021],[-122.257704,37.825932],[-122.257819,37.825749],[-122.257863,37.82568],[-122.258642,37.824442],[-122.258984,37.823889],[-122.25905,37.823783],[-122.25922,37.823508],[-122.259818,37.822552],[-122.259936,37.822364],[-122.259709,37.822281],[-122.259393,37.82217],[-122.259166,37.822081],[-122.258939,37.82199],[-122.258848,37.821952],[-122.258715,37.821897],[-122.258491,37.821801],[-122.258269,37.821704],[-122.258048,37.821605],[-122.257829,37.821504],[-122.257717,37.821451],[-122.257611,37.821401],[-122.257525,37.821358],[-122.257272,37.821231],[-122.257129,37.821161],[-122.257015,37.821105],[-122.256936,37.821067],[-122.256847,37.821017],[-122.256601,37.820879],[-122.256271,37.820698],[-122.256073,37.820586],[-122.256013,37.820552],[-122.255875,37.820472],[-122.25568,37.820356],[-122.255485,37.820239],[-122.255293,37.82012],[-122.255103,37.819999],[-122.254838,37.819821],[-122.254574,37.819643],[-122.254523,37.819607],[-122.254473,37.819572],[-122.254313,37.819461],[-122.25426,37.819424],[-122.254054,37.819278],[-122.253889,37.819156],[-122.253799,37.819092],[-122.253667,37.818994],[-122.253841,37.818872],[-122.254012,37.81875],[-122.254166,37.818642],[-122.253796,37.818299],[-122.2534,37.817959],[-122.253793,37.81768],[-122.254873,37.817002],[-122.255777,37.816483],[-122.256033,37.816342],[-122.256753,37.815903],[-122.256798,37.815886],[-122.256842,37.815868],[-122.256887,37.815848],[-122.25693,37.815826],[-122.256971,37.815803],[-122.25701,37.815779],[-122.257049,37.815753],[-122.257085,37.815726],[-122.257121,37.815698],[-122.257155,37.815668],[-122.257187,37.815637],[-122.257225,37.815597],[-122.257284,37.815536],[-122.257342,37.815484],[-122.257407,37.815437],[-122.257478,37.815395],[-122.257552,37.815358],[-122.257611,37.815333],[-122.25766,37.815315],[-122.25771,37.815299],[-122.257762,37.815285],[-122.257815,37.815272],[-122.257869,37.815261],[-122.257922,37.815253],[-122.257976,37.815246],[-122.258031,37.815241],[-122.258081,37.815242],[-122.258131,37.815242],[-122.258181,37.81524],[-122.258233,37.815237],[-122.258283,37.815232],[-122.258333,37.815226],[-122.258382,37.815219],[-122.258432,37.81521],[-122.258507,37.815191],[-122.258585,37.815173],[-122.258662,37.815157],[-122.25874,37.815141],[-122.258818,37.815127],[-122.258895,37.815114],[-122.259098,37.815128],[-122.259155,37.815063],[-122.259203,37.815021],[-122.259276,37.814962],[-122.259318,37.814931],[-122.259363,37.8149],[-122.259409,37.814872],[-122.259455,37.814843],[-122.259503,37.814817],[-122.259551,37.814791],[-122.2596,37.814766],[-122.25966,37.814733],[-122.259718,37.814697],[-122.259774,37.814661],[-122.259829,37.814622],[-122.259881,37.814583],[-122.259932,37.814542],[-122.259982,37.814499],[-122.260031,37.814456],[-122.260132,37.814357],[-122.260696,37.813728],[-122.261127,37.813245],[-122.261519,37.812813],[-122.261565,37.812719],[-122.26215,37.811468],[-122.262374,37.810923],[-122.264317,37.811232],[-122.265422,37.811413],[-122.265495,37.811422],[-122.26557,37.81143],[-122.265644,37.811436],[-122.265719,37.811441],[-122.265793,37.811445],[-122.265868,37.811447],[-122.266734,37.811476],[-122.267859,37.811683],[-122.268996,37.811897],[-122.271402,37.812318],[-122.27277,37.812553],[-122.273108,37.812613],[-122.273415,37.812668],[-122.272785,37.813229],[-122.272692,37.813312],[-122.272602,37.813398],[-122.272565,37.813432],[-122.272512,37.813483],[-122.272422,37.813569],[-122.272356,37.813635],[-122.272292,37.813703],[-122.272228,37.813771],[-122.272167,37.813841],[-122.272109,37.813911],[-122.27205,37.813983],[-122.271994,37.814055],[-122.271941,37.814128],[-122.271872,37.814222],[-122.271805,37.814316],[-122.27174,37.814411],[-122.271678,37.814507],[-122.271616,37.814604],[-122.271558,37.814702],[-122.271494,37.814814],[-122.271447,37.8149],[-122.271384,37.815018],[-122.271324,37.815137],[-122.271266,37.815257],[-122.271212,37.815377],[-122.271167,37.815501],[-122.271152,37.815539],[-122.271121,37.815625],[-122.271076,37.81575],[-122.27103,37.815873],[-122.270998,37.815978],[-122.270964,37.816083],[-122.27093,37.816187],[-122.270895,37.816291],[-122.270877,37.816341],[-122.270857,37.816394],[-122.27082,37.816498],[-122.270763,37.816667],[-122.270707,37.816837],[-122.27065,37.817005],[-122.270594,37.817173],[-122.270532,37.817363],[-122.270475,37.817554],[-122.270419,37.817745],[-122.270366,37.817937],[-122.270236,37.81815],[-122.270113,37.818571],[-122.270028,37.818883],[-122.269939,37.819214],[-122.269868,37.819483],[-122.269638,37.820348],[-122.269515,37.820805],[-122.269233,37.821835],[-122.26916,37.822108],[-122.268952,37.822899],[-122.268941,37.822942],[-122.268895,37.823113],[-122.268788,37.823516],[-122.268684,37.823912],[-122.268657,37.824015],[-122.268642,37.82407],[-122.268615,37.824169],[-122.268587,37.824277],[-122.268545,37.824433],[-122.26852,37.824529],[-122.268447,37.824803],[-122.268434,37.824849],[-122.268356,37.825138],[-122.268312,37.825303],[-122.268207,37.825709],[-122.268167,37.825864],[-122.268107,37.826102],[-122.268055,37.826304],[-122.267939,37.826681],[-122.267848,37.826979],[-122.26779,37.827169],[-122.267597,37.827946],[-122.267396,37.828874],[-122.267249,37.829595],[-122.266684,37.829504],[-122.266466,37.829468],[-122.266286,37.829439],[-122.266044,37.829399],[-122.264471,37.829138],[-122.263197,37.828941],[-122.262013,37.828756],[-122.260837,37.82858],[-122.259782,37.828404],[-122.259566,37.828372],[-122.259351,37.828343],[-122.259137,37.828312],[-122.258921,37.828278],[-122.258777,37.828254],[-122.258708,37.828243],[-122.258495,37.828204],[-122.258426,37.828196],[-122.258356,37.828186],[-122.258289,37.828175],[-122.258221,37.828161],[-122.258153,37.828146],[-122.258085,37.828131],[-122.258019,37.828113],[-122.257953,37.828094],[-122.25788,37.828072],[-122.257807,37.828046],[-122.257273,37.827844],[-122.25721,37.82782],[-122.257149,37.827795],[-122.257088,37.827767],[-122.257026,37.827739],[-122.256969,37.827709],[-122.256911,37.827677],[-122.256855,37.827645],[-122.256798,37.827611],[-122.256746,37.827575],[-122.256693,37.827539]]]]}},{"type":"Feature","properties":{"nhood":"09X"},"geometry":{"type":"MultiPolygon","coordinates":[[[[-122.242034,37.830126],[-122.242767,37.829936],[-122.242853,37.829924],[-122.242981,37.829918],[-122.243149,37.829936],[-122.24306,37.829879],[-122.242733,37.829563],[-122.242615,37.82951],[-122.242694,37.829467],[-122.243323,37.829501],[-122.243599,37.829401],[-122.243728,37.829265],[-122.243853,37.828904],[-122.24394,37.828745],[-122.244087,37.82863],[-122.244145,37.82866],[-122.244186,37.828495],[-122.244224,37.828339],[-122.24443,37.828186],[-122.245496,37.827501],[-122.247412,37.826331],[-122.247588,37.826286],[-122.247641,37.826174],[-122.247834,37.825767],[-122.24798,37.82519],[-122.24798,37.82519],[-122.248052,37.824948],[-122.248203,37.824732],[-122.249338,37.82367],[-122.249177,37.823701],[-122.248967,37.823597],[-122.24876,37.823483],[-122.248632,37.823392],[-122.248553,37.823335],[-122.249286,37.822853],[-122.248422,37.822363],[-122.248215,37.822209],[-122.247872,37.821956],[-122.247738,37.821857],[-122.247608,37.82176],[-122.247585,37.82172],[-122.247504,37.82167],[-122.247459,37.821622],[-122.247426,37.821575],[-122.247426,37.821575],[-122.248407,37.821278],[-122.249093,37.821078],[-122.250228,37.820752],[-122.251342,37.820399],[-122.251658,37.82033],[-122.251864,37.820234],[-122.252425,37.819855],[-122.253461,37.819138],[-122.253667,37.818994],[-122.253799,37.819092],[-122.253889,37.819156],[-122.254054,37.819278],[-122.25426,37.819424],[-122.254313,37.819461],[-122.254473,37.819572],[-122.254523,37.819607],[-122.254574,37.819643],[-122.254838,37.819821],[-122.255103,37.819999],[-122.255293,37.82012],[-122.255485,37.820239],[-122.25568,37.820356],[-122.255875,37.820472],[-122.256013,37.820552],[-122.256073,37.820586],[-122.256271,37.820698],[-122.256601,37.820879],[-122.256847,37.821017],[-122.256936,37.821067],[-122.257015,37.821105],[-122.257129,37.821161],[-122.257272,37.821231],[-122.257525,37.821358],[-122.257611,37.821401],[-122.257717,37.821451],[-122.257829,37.821504],[-122.258048,37.821605],[-122.258269,37.821704],[-122.258491,37.821801],[-122.258715,37.821897],[-122.258848,37.821952],[-122.258939,37.82199],[-122.259166,37.822081],[-122.259393,37.82217],[-122.259709,37.822281],[-122.259936,37.822364],[-122.259818,37.822552],[-122.25922,37.823508],[-122.25905,37.823783],[-122.258984,37.823889],[-122.258642,37.824442],[-122.257863,37.82568],[-122.257819,37.825749],[-122.257704,37.825932],[-122.257647,37.826021],[-122.257536,37.826201],[-122.256693,37.827539],[-122.256641,37.827624],[-122.256116,37.828475],[-122.255232,37.829894],[-122.25503,37.830219],[-122.254386,37.831253],[-122.254191,37.831566],[-122.253183,37.83318],[-122.253146,37.833239],[-122.252959,37.83354],[-122.252783,37.833824],[-122.252714,37.83393],[-122.252646,37.834034],[-122.252575,37.834137],[-122.252503,37.83424],[-122.252431,37.834343],[-122.252357,37.834445],[-122.252041,37.834924],[-122.251993,37.835005],[-122.251947,37.835087],[-122.251902,37.83517],[-122.251859,37.835252],[-122.251822,37.835325],[-122.251786,37.835397],[-122.251748,37.835468],[-122.251708,37.83554],[-122.251668,37.83561],[-122.251636,37.835665],[-122.251312,37.836174],[-122.251266,37.83625],[-122.251034,37.836633],[-122.247853,37.835395],[-122.246515,37.833502],[-122.242099,37.830168],[-122.242034,37.830126]]]]}},{"type":"Feature","properties":{"nhood":"10X"},"geometry":{"type":"MultiPolygon","coordinates":[[[[-122.275385,37.846015],[-122.275366,37.845925],[-122.275273,37.845485],[-122.275177,37.844925],[-122.275433,37.844763],[-122.275367,37.844674],[-122.275314,37.84458],[-122.275259,37.844515],[-122.275208,37.844434],[-122.27516,37.844362],[-122.274976,37.843835],[-122.274779,37.84306],[-122.274611,37.842332],[-122.274592,37.842248],[-122.274557,37.842103],[-122.274419,37.841611],[-122.27439,37.841508],[-122.274603,37.840863],[-122.27491,37.840058],[-122.275168,37.839401],[-122.27528,37.839093],[-122.275453,37.838658],[-122.275634,37.838149],[-122.275784,37.837808],[-122.275915,37.837427],[-122.276005,37.83717],[-122.276109,37.836911],[-122.276109,37.83691],[-122.276811,37.836799],[-122.277605,37.837121],[-122.278002,37.837071],[-122.278613,37.836971],[-122.278731,37.837014],[-122.2788,37.837039],[-122.278985,37.83695],[-122.279086,37.836987],[-122.279542,37.837154],[-122.279805,37.837097],[-122.281901,37.836642],[-122.282192,37.836578],[-122.282304,37.837027],[-122.284693,37.836587],[-122.284766,37.836611],[-122.284857,37.836742],[-122.285008,37.836717],[-122.285172,37.837234],[-122.285016,37.837415],[-122.285098,37.837686],[-122.285172,37.83793],[-122.285517,37.839027],[-122.285729,37.839702],[-122.285872,37.840128],[-122.286183,37.841083],[-122.28626,37.841323],[-122.28645,37.841908],[-122.286873,37.843228],[-122.286909,37.84333],[-122.287305,37.843866],[-122.287368,37.844066],[-122.287397,37.844157],[-122.287591,37.844767],[-122.287866,37.845605],[-122.288092,37.846337],[-122.28822,37.846726],[-122.288225,37.846723],[-122.288534,37.846642],[-122.288694,37.847147],[-122.288731,37.847267],[-122.289051,37.848302],[-122.288954,37.848514],[-122.289213,37.849369],[-122.28935,37.849818],[-122.288972,37.849976],[-122.288989,37.850034],[-122.289009,37.8501],[-122.286708,37.850554],[-122.286618,37.850329],[-122.28613,37.850421],[-122.284706,37.850689],[-122.283728,37.850873],[-122.283546,37.850273],[-122.283533,37.850229],[-122.283256,37.849327],[-122.283215,37.84919],[-122.283202,37.849147],[-122.282717,37.849228],[-122.282698,37.84917],[-122.282536,37.84869],[-122.282449,37.848611],[-122.282341,37.848324],[-122.282345,37.84832],[-122.282388,37.848265],[-122.282384,37.848245],[-122.282224,37.847364],[-122.282232,37.847268],[-122.282209,37.847215],[-122.282177,37.847137],[-122.2813,37.847251],[-122.280057,37.847412],[-122.279644,37.847466],[-122.279525,37.847481],[-122.277717,37.847716],[-122.276493,37.847875],[-122.276364,37.84718],[-122.27624,37.846514],[-122.276198,37.846287],[-122.276129,37.845917],[-122.275805,37.84596],[-122.275391,37.846014],[-122.275385,37.846015]]]]}},{"type":"Feature","properties":{"nhood":"10Y"},"geometry":{"type":"MultiPolygon","coordinates":[[[[-122.271002,37.846547],[-122.270982,37.846495],[-122.270965,37.846443],[-122.270948,37.846392],[-122.270885,37.846065],[-122.270694,37.84517],[-122.270516,37.844276],[-122.270353,37.843446],[-122.270193,37.84275],[-122.270101,37.842316],[-122.270056,37.842098],[-122.270044,37.842041],[-122.269909,37.841385],[-122.269736,37.840621],[-122.269565,37.839817],[-122.269355,37.838942],[-122.268983,37.838054],[-122.268832,37.83782],[-122.268565,37.837379],[-122.268483,37.837286],[-122.268431,37.837227],[-122.268214,37.836977],[-122.268102,37.836852],[-122.267858,37.836576],[-122.267654,37.836351],[-122.267497,37.836179],[-122.267255,37.83592],[-122.267021,37.835673],[-122.266984,37.835642],[-122.266943,37.835611],[-122.266903,37.835582],[-122.266861,37.835555],[-122.266818,37.835528],[-122.266773,37.835503],[-122.266727,37.835479],[-122.26668,37.835457],[-122.266631,37.835437],[-122.266582,37.835418],[-122.266531,37.8354],[-122.266481,37.835384],[-122.266295,37.835302],[-122.266113,37.83522],[-122.266276,37.834416],[-122.266474,37.833426],[-122.266664,37.832655],[-122.266712,37.832459],[-122.266734,37.832364],[-122.266759,37.832018],[-122.266818,37.831677],[-122.26688,37.831371],[-122.266891,37.831311],[-122.266963,37.830968],[-122.26704,37.830585],[-122.26721,37.829785],[-122.267249,37.829595],[-122.267486,37.829634],[-122.267699,37.829668],[-122.268304,37.829766],[-122.268434,37.829788],[-122.269675,37.829999],[-122.270148,37.830078],[-122.271013,37.830189],[-122.272063,37.830347],[-122.27394,37.830651],[-122.274502,37.830733],[-122.275723,37.830916],[-122.276556,37.831056],[-122.276657,37.831072],[-122.277536,37.831217],[-122.277724,37.831247],[-122.277881,37.831273],[-122.277756,37.831608],[-122.277513,37.83226],[-122.277374,37.832638],[-122.277253,37.832967],[-122.277002,37.833646],[-122.276742,37.834346],[-122.276573,37.834803],[-122.276488,37.835031],[-122.276363,37.83537],[-122.276276,37.835606],[-122.276235,37.835718],[-122.276027,37.836279],[-122.275877,37.836685],[-122.275926,37.836759],[-122.276035,37.836922],[-122.276109,37.836911],[-122.276005,37.83717],[-122.275915,37.837427],[-122.275784,37.837808],[-122.275634,37.838149],[-122.275453,37.838658],[-122.27528,37.839093],[-122.275168,37.839401],[-122.27491,37.840058],[-122.274603,37.840863],[-122.27439,37.841508],[-122.274419,37.841611],[-122.274557,37.842103],[-122.274592,37.842248],[-122.274611,37.842332],[-122.274779,37.84306],[-122.274976,37.843835],[-122.27516,37.844362],[-122.275208,37.844434],[-122.275259,37.844515],[-122.275314,37.84458],[-122.275367,37.844674],[-122.275433,37.844763],[-122.275177,37.844925],[-122.275273,37.845485],[-122.275366,37.845925],[-122.275385,37.846015],[-122.275385,37.846015],[-122.274501,37.846132],[-122.273222,37.846302],[-122.273134,37.846313],[-122.272747,37.846364],[-122.272429,37.846406],[-122.271253,37.846561],[-122.271022,37.846592],[-122.271002,37.846547]]]]}},{"type":"Feature","properties":{"nhood":"11X"},"geometry":{"type":"MultiPolygon","coordinates":[[[[-122.262309,37.837261],[-122.262371,37.837276],[-122.26243,37.837287],[-122.262488,37.837301],[-122.262545,37.837315],[-122.262601,37.837332],[-122.262657,37.83735],[-122.262713,37.837371],[-122.262765,37.837393],[-122.262833,37.837411],[-122.262972,37.837431],[-122.263081,37.837472],[-122.263288,37.837606],[-122.263522,37.837711],[-122.263756,37.837755],[-122.264063,37.837763],[-122.264159,37.8378],[-122.264186,37.837838],[-122.264298,37.837835],[-122.264409,37.837826],[-122.264525,37.837815],[-122.264628,37.837804],[-122.264737,37.83779],[-122.264846,37.837774],[-122.264931,37.837761],[-122.265063,37.837737],[-122.26523,37.837701],[-122.265633,37.837616],[-122.266116,37.837514],[-122.266198,37.837497],[-122.266463,37.837466],[-122.266691,37.83744],[-122.268431,37.837227],[-122.268483,37.837286],[-122.268565,37.837379],[-122.268832,37.83782],[-122.268983,37.838054],[-122.269355,37.838942],[-122.269565,37.839817],[-122.269736,37.840621],[-122.269909,37.841385],[-122.270044,37.842041],[-122.270056,37.842098],[-122.270101,37.842316],[-122.270193,37.84275],[-122.270353,37.843446],[-122.270516,37.844276],[-122.270694,37.84517],[-122.270885,37.846065],[-122.270948,37.846392],[-122.270965,37.846443],[-122.270982,37.846495],[-122.271002,37.846547],[-122.271022,37.846592],[-122.269423,37.846804],[-122.269491,37.847161],[-122.269545,37.847446],[-122.269661,37.848059],[-122.269723,37.84839],[-122.26978,37.84869],[-122.269341,37.848772],[-122.269042,37.848828],[-122.268912,37.848853],[-122.268849,37.848865],[-122.268881,37.848996],[-122.2689,37.84907],[-122.268903,37.849082],[-122.269104,37.849904],[-122.269123,37.849983],[-122.269348,37.8509],[-122.269479,37.851439],[-122.269557,37.851756],[-122.269628,37.851988],[-122.268004,37.852143],[-122.267094,37.852266],[-122.266129,37.852384],[-122.265041,37.85254],[-122.264175,37.852634],[-122.263995,37.852623],[-122.263608,37.852517],[-122.261855,37.852738],[-122.260144,37.852963],[-122.260188,37.852629],[-122.260267,37.852038],[-122.260394,37.851076],[-122.260521,37.850232],[-122.260527,37.850184],[-122.260624,37.849459],[-122.260731,37.848719],[-122.260835,37.847955],[-122.260882,37.847622],[-122.260941,37.847221],[-122.261031,37.846492],[-122.261136,37.845769],[-122.261239,37.845038],[-122.261335,37.844306],[-122.261394,37.843981],[-122.261516,37.843057],[-122.261697,37.841803],[-122.26175,37.841384],[-122.261794,37.841036],[-122.261805,37.840937],[-122.261828,37.840787],[-122.261914,37.840208],[-122.262125,37.838636],[-122.26221,37.838],[-122.262309,37.837261]]]]}},{"type":"Feature","properties":{"nhood":"12X"},"geometry":{"type":"MultiPolygon","coordinates":[[[[-122.262309,37.837261],[-122.260879,37.837069],[-122.260103,37.836972],[-122.259475,37.836868],[-122.258287,37.836662],[-122.258077,37.836631],[-122.257429,37.836532],[-122.257072,37.836459],[-122.256512,37.836275],[-122.255409,37.835843],[-122.254247,37.835395],[-122.254105,37.83534],[-122.253963,37.835285],[-122.253822,37.83523],[-122.25368,37.835175],[-122.253539,37.83512],[-122.25346,37.835089],[-122.253397,37.835064],[-122.253256,37.835008],[-122.253114,37.834952],[-122.253067,37.834935],[-122.253021,37.834916],[-122.252976,37.834895],[-122.252932,37.834872],[-122.25289,37.834848],[-122.252849,37.834822],[-122.252811,37.834794],[-122.252774,37.834765],[-122.252357,37.834445],[-122.252431,37.834343],[-122.252503,37.83424],[-122.252575,37.834137],[-122.252646,37.834034],[-122.252714,37.83393],[-122.252783,37.833824],[-122.252959,37.83354],[-122.253146,37.833239],[-122.253183,37.83318],[-122.254191,37.831566],[-122.254386,37.831253],[-122.25503,37.830219],[-122.255232,37.829894],[-122.256116,37.828475],[-122.256641,37.827624],[-122.256693,37.827539],[-122.256746,37.827575],[-122.256798,37.827611],[-122.256855,37.827645],[-122.256911,37.827677],[-122.256969,37.827709],[-122.257026,37.827739],[-122.257088,37.827767],[-122.257149,37.827795],[-122.25721,37.82782],[-122.257273,37.827844],[-122.257807,37.828046],[-122.25788,37.828072],[-122.257953,37.828094],[-122.258019,37.828113],[-122.258085,37.828131],[-122.258153,37.828146],[-122.258221,37.828161],[-122.258289,37.828175],[-122.258356,37.828186],[-122.258426,37.828196],[-122.258495,37.828204],[-122.258708,37.828243],[-122.258777,37.828254],[-122.258921,37.828278],[-122.259137,37.828312],[-122.259351,37.828343],[-122.259566,37.828372],[-122.259782,37.828404],[-122.260837,37.82858],[-122.262013,37.828756],[-122.263197,37.828941],[-122.264471,37.829138],[-122.266044,37.829399],[-122.266286,37.829439],[-122.266466,37.829468],[-122.266684,37.829504],[-122.267249,37.829595],[-122.26721,37.829785],[-122.26704,37.830585],[-122.266963,37.830968],[-122.266891,37.831311],[-122.26688,37.831371],[-122.266818,37.831677],[-122.266759,37.832018],[-122.266734,37.832364],[-122.266712,37.832459],[-122.266664,37.832655],[-122.266474,37.833426],[-122.266276,37.834416],[-122.266113,37.83522],[-122.266295,37.835302],[-122.266481,37.835384],[-122.266531,37.8354],[-122.266582,37.835418],[-122.266631,37.835437],[-122.26668,37.835457],[-122.266727,37.835479],[-122.266773,37.835503],[-122.266818,37.835528],[-122.266861,37.835555],[-122.266903,37.835582],[-122.266943,37.835611],[-122.266984,37.835642],[-122.267021,37.835673],[-122.267255,37.83592],[-122.267497,37.836179],[-122.267654,37.836351],[-122.267858,37.836576],[-122.268102,37.836852],[-122.268214,37.836977],[-122.268431,37.837227],[-122.266691,37.83744],[-122.266463,37.837466],[-122.266198,37.837497],[-122.266116,37.837514],[-122.265633,37.837616],[-122.26523,37.837701],[-122.265063,37.837737],[-122.264931,37.837761],[-122.264846,37.837774],[-122.264737,37.83779],[-122.264628,37.837804],[-122.264525,37.837815],[-122.264409,37.837826],[-122.264298,37.837835],[-122.264186,37.837838],[-122.264159,37.8378],[-122.264063,37.837763],[-122.263756,37.837755],[-122.263522,37.837711],[-122.263288,37.837606],[-122.263081,37.837472],[-122.262972,37.837431],[-122.262833,37.837411],[-122.262765,37.837393],[-122.262713,37.837371],[-122.262657,37.83735],[-122.262601,37.837332],[-122.262545,37.837315],[-122.262488,37.837301],[-122.26243,37.837287],[-122.262371,37.837276],[-122.262309,37.837261]]]]}},{"type":"Feature","properties":{"nhood":"12Y"},"geometry":{"type":"MultiPolygon","coordinates":[[[[-122.253581,37.850825],[-122.253615,37.85077],[-122.253076,37.850881],[-122.252472,37.851086],[-122.250915,37.851615],[-122.250532,37.851626],[-122.250344,37.851631],[-122.247413,37.851769],[-122.247241,37.851777],[-122.246637,37.851805],[-122.246378,37.851817],[-122.246124,37.851829],[-122.244937,37.851885],[-122.244844,37.85189],[-122.244091,37.851925],[-122.243211,37.851967],[-122.241902,37.852028],[-122.241777,37.852034],[-122.241335,37.852055],[-122.236189,37.852297],[-122.234566,37.852373],[-122.234586,37.852558],[-122.234472,37.852434],[-122.233819,37.852244],[-122.233206,37.851179],[-122.232506,37.850469],[-122.231624,37.84996],[-122.231495,37.849897],[-122.230678,37.8495],[-122.230189,37.849261],[-122.230028,37.849085],[-122.229813,37.848854],[-122.229672,37.848702],[-122.229579,37.848602],[-122.229539,37.848559],[-122.229625,37.84858],[-122.229712,37.8486],[-122.229799,37.848618],[-122.229886,37.848634],[-122.229973,37.848648],[-122.230061,37.848661],[-122.23015,37.848672],[-122.230238,37.848681],[-122.230329,37.848689],[-122.230417,37.848694],[-122.230507,37.848699],[-122.230597,37.848701],[-122.230687,37.848702],[-122.230779,37.848701],[-122.230869,37.848699],[-122.230959,37.848695],[-122.231049,37.848689],[-122.231139,37.848683],[-122.231227,37.848674],[-122.231317,37.848663],[-122.231407,37.848652],[-122.231495,37.848638],[-122.231776,37.84859],[-122.232059,37.848541],[-122.23234,37.84849],[-122.232621,37.84844],[-122.232813,37.848409],[-122.233004,37.848376],[-122.233102,37.848358],[-122.233196,37.848341],[-122.233387,37.848305],[-122.233577,37.848268],[-122.233768,37.848228],[-122.233852,37.848213],[-122.233937,37.848199],[-122.234023,37.848186],[-122.234059,37.848182],[-122.23411,37.848175],[-122.234196,37.848166],[-122.234282,37.848158],[-122.234852,37.848162],[-122.234942,37.848173],[-122.235016,37.848184],[-122.235096,37.848197],[-122.235176,37.848212],[-122.235256,37.848228],[-122.235336,37.848247],[-122.235414,37.848266],[-122.235493,37.848288],[-122.235586,37.848316],[-122.235646,37.848336],[-122.235721,37.848362],[-122.235796,37.84839],[-122.23587,37.84842],[-122.235943,37.848451],[-122.236015,37.848484],[-122.236085,37.848519],[-122.236187,37.848573],[-122.236289,37.848629],[-122.236389,37.848686],[-122.236487,37.848743],[-122.236585,37.848803],[-122.236682,37.848863],[-122.236779,37.848924],[-122.236874,37.848987],[-122.236951,37.849038],[-122.23703,37.849088],[-122.237111,37.849135],[-122.237194,37.849181],[-122.237278,37.849225],[-122.237364,37.849269],[-122.237449,37.849309],[-122.237537,37.849349],[-122.23761,37.84938],[-122.237717,37.849422],[-122.237794,37.849452],[-122.237873,37.84948],[-122.237951,37.849505],[-122.238031,37.849529],[-122.238112,37.849551],[-122.238193,37.84957],[-122.238277,37.849588],[-122.23836,37.849604],[-122.238444,37.849618],[-122.238527,37.849629],[-122.238612,37.849638],[-122.238697,37.849645],[-122.238777,37.849649],[-122.238855,37.849651],[-122.238935,37.849651],[-122.239014,37.849648],[-122.239092,37.849644],[-122.239172,37.849637],[-122.239251,37.849629],[-122.239329,37.849618],[-122.239407,37.849605],[-122.239482,37.849591],[-122.23956,37.849574],[-122.239636,37.849555],[-122.239715,37.84954],[-122.239762,37.849527],[-122.239964,37.849453],[-122.240201,37.849367],[-122.240604,37.849201],[-122.241117,37.848985],[-122.241737,37.848753],[-122.241911,37.848663],[-122.242037,37.848616],[-122.242162,37.84857],[-122.242288,37.848525],[-122.242415,37.848482],[-122.242542,37.848438],[-122.242677,37.848395],[-122.242798,37.848345],[-122.242928,37.848288],[-122.243057,37.84823],[-122.243112,37.848204],[-122.243194,37.848162],[-122.24326,37.848126],[-122.243325,37.848087],[-122.24339,37.848048],[-122.243451,37.848006],[-122.243511,37.847963],[-122.243571,37.847919],[-122.243627,37.847873],[-122.243683,37.847826],[-122.243742,37.847756],[-122.243802,37.847688],[-122.243867,37.84762],[-122.243931,37.847553],[-122.243997,37.847487],[-122.244065,37.847422],[-122.244132,37.847357],[-122.244195,37.847302],[-122.244204,37.847295],[-122.244261,37.84725],[-122.244305,37.847215],[-122.244372,37.847158],[-122.244424,37.847109],[-122.244475,37.847061],[-122.244526,37.84701],[-122.244573,37.84696],[-122.244621,37.846908],[-122.244666,37.846855],[-122.24471,37.846802],[-122.24478,37.84667],[-122.244851,37.84654],[-122.244926,37.84641],[-122.245001,37.846281],[-122.245079,37.846153],[-122.245159,37.846025],[-122.245241,37.845898],[-122.245325,37.845772],[-122.246022,37.844647],[-122.246162,37.844423],[-122.246632,37.843674],[-122.24671,37.843551],[-122.247029,37.843043],[-122.247286,37.842656],[-122.247452,37.842407],[-122.247808,37.841803],[-122.248008,37.841465],[-122.248047,37.841413],[-122.24913,37.839694],[-122.249407,37.839244],[-122.25012,37.838094],[-122.250721,37.83715],[-122.250744,37.837111],[-122.250862,37.836915],[-122.250922,37.836818],[-122.251034,37.836633],[-122.251266,37.83625],[-122.251312,37.836174],[-122.251636,37.835665],[-122.251668,37.83561],[-122.251708,37.83554],[-122.251748,37.835468],[-122.251786,37.835397],[-122.251822,37.835325],[-122.251859,37.835252],[-122.251902,37.83517],[-122.251947,37.835087],[-122.251993,37.835005],[-122.252041,37.834924],[-122.252357,37.834445],[-122.252774,37.834765],[-122.252811,37.834794],[-122.252849,37.834822],[-122.25289,37.834848],[-122.252932,37.834872],[-122.252976,37.834895],[-122.253021,37.834916],[-122.253067,37.834935],[-122.253114,37.834952],[-122.253256,37.835008],[-122.253397,37.835064],[-122.25346,37.835089],[-122.253539,37.83512],[-122.25368,37.835175],[-122.253822,37.83523],[-122.253963,37.835285],[-122.254105,37.83534],[-122.254247,37.835395],[-122.255409,37.835843],[-122.256512,37.836275],[-122.257072,37.836459],[-122.257429,37.836532],[-122.258077,37.836631],[-122.258287,37.836662],[-122.259475,37.836868],[-122.260103,37.836972],[-122.260879,37.837069],[-122.262309,37.837261],[-122.26221,37.838],[-122.262125,37.838636],[-122.261914,37.840208],[-122.261828,37.840787],[-122.261805,37.840937],[-122.261794,37.841036],[-122.26175,37.841384],[-122.261697,37.841803],[-122.261516,37.843057],[-122.261394,37.843981],[-122.261335,37.844306],[-122.261239,37.845038],[-122.261136,37.845769],[-122.261031,37.846492],[-122.260941,37.847221],[-122.260882,37.847622],[-122.260835,37.847955],[-122.260731,37.848719],[-122.260624,37.849459],[-122.260527,37.850184],[-122.260521,37.850232],[-122.260394,37.851076],[-122.260267,37.852038],[-122.260188,37.852629],[-122.260144,37.852963],[-122.258351,37.853179],[-122.257246,37.853305],[-122.256122,37.85346],[-122.255635,37.853519],[-122.255105,37.8536],[-122.254803,37.853639],[-122.253984,37.853746],[-122.253786,37.853772],[-122.253693,37.853477],[-122.2534,37.852361],[-122.253398,37.852315],[-122.25336,37.852128],[-122.253221,37.851444],[-122.253217,37.851426],[-122.253214,37.851407],[-122.25338,37.851143],[-122.253416,37.851087],[-122.253581,37.850825]]],[[[-122.256686,37.85564],[-122.257813,37.855486],[-122.257958,37.856253],[-122.257977,37.856356],[-122.256874,37.856506],[-122.256686,37.85564]]]]}},{"type":"Feature","properties":{"nhood":"13X"},"geometry":{"type":"MultiPolygon","coordinates":[[[[-122.234852,37.848162],[-122.234282,37.848158],[-122.234196,37.848166],[-122.23411,37.848175],[-122.234059,37.848182],[-122.234023,37.848186],[-122.233937,37.848199],[-122.233852,37.848213],[-122.233768,37.848228],[-122.233577,37.848268],[-122.233387,37.848305],[-122.233196,37.848341],[-122.233102,37.848358],[-122.233004,37.848376],[-122.232813,37.848409],[-122.232621,37.84844],[-122.23234,37.84849],[-122.232059,37.848541],[-122.231776,37.84859],[-122.231495,37.848638],[-122.231407,37.848652],[-122.231317,37.848663],[-122.231227,37.848674],[-122.231139,37.848683],[-122.231049,37.848689],[-122.230959,37.848695],[-122.230869,37.848699],[-122.230779,37.848701],[-122.230687,37.848702],[-122.230597,37.848701],[-122.230507,37.848699],[-122.230417,37.848694],[-122.230329,37.848689],[-122.230238,37.848681],[-122.23015,37.848672],[-122.230061,37.848661],[-122.229973,37.848648],[-122.229886,37.848634],[-122.229799,37.848618],[-122.229712,37.8486],[-122.229625,37.84858],[-122.229539,37.848559],[-122.229549,37.848513],[-122.229563,37.848468],[-122.229614,37.84841],[-122.229706,37.848305],[-122.22991,37.848079],[-122.229925,37.848019],[-122.229912,37.847958],[-122.229735,37.847751],[-122.229463,37.847443],[-122.22912,37.84705],[-122.229059,37.846985],[-122.228999,37.846922],[-122.228937,37.846859],[-122.228873,37.846798],[-122.228807,37.846737],[-122.228742,37.846677],[-122.228641,37.84659],[-122.228542,37.846504],[-122.228443,37.846417],[-122.228346,37.84633],[-122.228273,37.846257],[-122.2282,37.846183],[-122.228131,37.846108],[-122.228062,37.846032],[-122.227994,37.845956],[-122.227928,37.845878],[-122.22762,37.84552],[-122.227581,37.845472],[-122.227544,37.845424],[-122.22751,37.845374],[-122.227476,37.845325],[-122.227443,37.845274],[-122.227414,37.845223],[-122.227391,37.845184],[-122.22736,37.845118],[-122.227334,37.845067],[-122.227309,37.845016],[-122.22728,37.844966],[-122.227251,37.844916],[-122.227096,37.844682],[-122.227034,37.844587],[-122.226926,37.844429],[-122.226817,37.844272],[-122.226708,37.844116],[-122.226597,37.843959],[-122.226513,37.843838],[-122.226463,37.843777],[-122.226171,37.843425],[-122.225999,37.843219],[-122.225784,37.842972],[-122.225733,37.842912],[-122.225599,37.842759],[-122.225548,37.8427],[-122.225496,37.842641],[-122.225446,37.842581],[-122.225398,37.84252],[-122.22535,37.842459],[-122.225305,37.842397],[-122.225012,37.842],[-122.224865,37.841802],[-122.224767,37.841667],[-122.224513,37.841322],[-122.224336,37.841083],[-122.224028,37.840666],[-122.223874,37.840457],[-122.223538,37.839999],[-122.223506,37.839957],[-122.223324,37.839706],[-122.223179,37.839509],[-122.223116,37.839425],[-122.223052,37.83934],[-122.222988,37.839256],[-122.22292,37.839173],[-122.22285,37.839091],[-122.222781,37.839009],[-122.222696,37.838916],[-122.222609,37.838826],[-122.22252,37.838735],[-122.22243,37.838646],[-122.222338,37.838559],[-122.222242,37.838472],[-122.222148,37.838393],[-122.222053,37.838314],[-122.221958,37.838236],[-122.221859,37.83816],[-122.221759,37.838085],[-122.221656,37.838013],[-122.221359,37.837795],[-122.221019,37.837548],[-122.220762,37.83736],[-122.220659,37.837288],[-122.220561,37.837214],[-122.220464,37.837139],[-122.220367,37.837062],[-122.220273,37.836984],[-122.220181,37.836905],[-122.220091,37.836824],[-122.220003,37.836742],[-122.21993,37.836673],[-122.219861,37.836603],[-122.219793,37.836533],[-122.219728,37.836461],[-122.219662,37.836388],[-122.2196,37.836314],[-122.219537,37.83624],[-122.219478,37.836164],[-122.219195,37.835652],[-122.219108,37.835491],[-122.218931,37.835171],[-122.218894,37.835102],[-122.218858,37.835033],[-122.218819,37.834965],[-122.218781,37.834897],[-122.218739,37.834829],[-122.218698,37.834762],[-122.218508,37.834471],[-122.218275,37.834138],[-122.218069,37.833849],[-122.21804,37.833811],[-122.218013,37.833772],[-122.217987,37.833732],[-122.217961,37.833693],[-122.217938,37.833653],[-122.217914,37.833612],[-122.217883,37.833544],[-122.217854,37.833475],[-122.217827,37.833405],[-122.217799,37.833336],[-122.217773,37.833267],[-122.217747,37.833197],[-122.217734,37.833158],[-122.217719,37.833119],[-122.217703,37.833081],[-122.217685,37.833043],[-122.217663,37.833007],[-122.21764,37.83297],[-122.21761,37.832929],[-122.217545,37.832897],[-122.217259,37.832762],[-122.217011,37.832654],[-122.216813,37.832568],[-122.216586,37.832473],[-122.216514,37.832444],[-122.216422,37.832405],[-122.216261,37.832333],[-122.215956,37.832198],[-122.215814,37.83213],[-122.215619,37.832033],[-122.215925,37.832129],[-122.216206,37.832211],[-122.216327,37.83225],[-122.216429,37.832282],[-122.216699,37.832367],[-122.216823,37.832408],[-122.217115,37.832506],[-122.217326,37.832573],[-122.217465,37.832617],[-122.217566,37.832653],[-122.217771,37.832725],[-122.217979,37.832796],[-122.218101,37.832837],[-122.218171,37.832856],[-122.218245,37.83287],[-122.218296,37.832876],[-122.218346,37.832881],[-122.218396,37.832884],[-122.218505,37.832895],[-122.218634,37.832918],[-122.218824,37.832892],[-122.21888,37.832887],[-122.218949,37.83288],[-122.219073,37.832868],[-122.219196,37.832855],[-122.21932,37.832842],[-122.219444,37.832829],[-122.2197,37.8328],[-122.219954,37.832773],[-122.22021,37.832746],[-122.220463,37.832719],[-122.220926,37.832671],[-122.220985,37.832666],[-122.221158,37.832649],[-122.221321,37.83263],[-122.221431,37.832618],[-122.221515,37.832608],[-122.221596,37.832591],[-122.221655,37.832574],[-122.22172,37.832547],[-122.221782,37.832517],[-122.221822,37.832492],[-122.221868,37.832459],[-122.22192,37.832415],[-122.221955,37.83238],[-122.221988,37.832345],[-122.222019,37.832306],[-122.22205,37.832268],[-122.22208,37.832223],[-122.222101,37.832188],[-122.222123,37.832146],[-122.222144,37.832104],[-122.222175,37.832043],[-122.222195,37.832001],[-122.222227,37.831931],[-122.222253,37.831847],[-122.222253,37.831796],[-122.222248,37.831734],[-122.222241,37.831673],[-122.222234,37.831611],[-122.222229,37.831547],[-122.222226,37.831508],[-122.222227,37.831467],[-122.222235,37.831422],[-122.222255,37.831363],[-122.222276,37.831317],[-122.222375,37.831161],[-122.222458,37.831054],[-122.222528,37.830959],[-122.222575,37.830894],[-122.222602,37.830857],[-122.22269,37.830731],[-122.222729,37.830685],[-122.222762,37.830646],[-122.222811,37.830599],[-122.222869,37.830549],[-122.222926,37.830507],[-122.222979,37.830476],[-122.223051,37.830444],[-122.223126,37.830419],[-122.223194,37.830403],[-122.223244,37.830394],[-122.223292,37.830386],[-122.223373,37.830377],[-122.223439,37.830372],[-122.223731,37.830357],[-122.223827,37.830357],[-122.223927,37.830355],[-122.224028,37.83035],[-122.224146,37.830341],[-122.224208,37.830325],[-122.224295,37.830298],[-122.22436,37.830275],[-122.224439,37.830244],[-122.224446,37.830241],[-122.2246,37.83018],[-122.224741,37.830126],[-122.224837,37.830089],[-122.224882,37.830073],[-122.224932,37.830055],[-122.224932,37.830055],[-122.224989,37.830088],[-122.225133,37.830545],[-122.225238,37.830512],[-122.225467,37.830962],[-122.225487,37.831004],[-122.225758,37.831562],[-122.225966,37.831737],[-122.226012,37.83179],[-122.226044,37.831826],[-122.226051,37.831833],[-122.226103,37.831892],[-122.226141,37.83193],[-122.226181,37.831962],[-122.226183,37.831963],[-122.226223,37.831989],[-122.226235,37.831997],[-122.226296,37.832025],[-122.226348,37.832043],[-122.226407,37.832058],[-122.226461,37.832067],[-122.226755,37.832396],[-122.22676,37.832401],[-122.226837,37.832488],[-122.226901,37.832531],[-122.22694,37.832558],[-122.227019,37.83261],[-122.227031,37.832619],[-122.227108,37.832671],[-122.227109,37.832671],[-122.227471,37.832914],[-122.227693,37.833108],[-122.227994,37.833371],[-122.228159,37.833327],[-122.228176,37.833322],[-122.228407,37.83326],[-122.228823,37.833147],[-122.229815,37.83288],[-122.230945,37.83266],[-122.231048,37.832631],[-122.232874,37.832109],[-122.232873,37.832102],[-122.232868,37.831876],[-122.233296,37.831707],[-122.233642,37.831569],[-122.233689,37.831551],[-122.233704,37.831545],[-122.234106,37.831568],[-122.234288,37.831603],[-122.234414,37.831628],[-122.234568,37.831658],[-122.234572,37.831658],[-122.234652,37.831674],[-122.235917,37.831232],[-122.236735,37.830946],[-122.236879,37.830899],[-122.237149,37.830809],[-122.237155,37.830807],[-122.237231,37.830796],[-122.237236,37.830795],[-122.237286,37.830785],[-122.237344,37.830767],[-122.237418,37.830738],[-122.237449,37.830725],[-122.237475,37.830715],[-122.237531,37.830695],[-122.23759,37.830677],[-122.237592,37.830677],[-122.237594,37.830676],[-122.237645,37.830663],[-122.23771,37.830647],[-122.237764,37.830636],[-122.237831,37.830624],[-122.237893,37.830616],[-122.237955,37.830609],[-122.238051,37.830602],[-122.238112,37.830596],[-122.238224,37.830587],[-122.23834,37.830578],[-122.238489,37.830565],[-122.23849,37.830565],[-122.238554,37.830559],[-122.238558,37.830559],[-122.238612,37.830554],[-122.238657,37.83055],[-122.238723,37.830543],[-122.238802,37.830533],[-122.238803,37.830533],[-122.23886,37.830526],[-122.238895,37.830521],[-122.238987,37.830508],[-122.238996,37.830507],[-122.239066,37.830498],[-122.239078,37.830497],[-122.239078,37.830497],[-122.239092,37.830496],[-122.239186,37.830487],[-122.239251,37.830482],[-122.239302,37.830479],[-122.239329,37.830478],[-122.239424,37.830475],[-122.239426,37.830474],[-122.239493,37.830475],[-122.239507,37.830475],[-122.239741,37.830472],[-122.240721,37.830461],[-122.240733,37.830461],[-122.240793,37.830461],[-122.240866,37.830459],[-122.240942,37.830452],[-122.241011,37.830443],[-122.241077,37.830431],[-122.241175,37.830408],[-122.241519,37.830318],[-122.241543,37.830312],[-122.242098,37.830168],[-122.242099,37.830168],[-122.246515,37.833502],[-122.247853,37.835395],[-122.251034,37.836633],[-122.250922,37.836818],[-122.250862,37.836915],[-122.250744,37.837111],[-122.250721,37.83715],[-122.25012,37.838094],[-122.249407,37.839244],[-122.24913,37.839694],[-122.248047,37.841413],[-122.248008,37.841465],[-122.247808,37.841803],[-122.247452,37.842407],[-122.247286,37.842656],[-122.247029,37.843043],[-122.24671,37.843551],[-122.246632,37.843674],[-122.246162,37.844423],[-122.246022,37.844647],[-122.245325,37.845772],[-122.245241,37.845898],[-122.245159,37.846025],[-122.245079,37.846153],[-122.245001,37.846281],[-122.244926,37.84641],[-122.244851,37.84654],[-122.24478,37.84667],[-122.24471,37.846802],[-122.244666,37.846855],[-122.244621,37.846908],[-122.244573,37.84696],[-122.244526,37.84701],[-122.244475,37.847061],[-122.244424,37.847109],[-122.244372,37.847158],[-122.244305,37.847215],[-122.244261,37.84725],[-122.244204,37.847295],[-122.244195,37.847302],[-122.244132,37.847357],[-122.244065,37.847422],[-122.243997,37.847487],[-122.243931,37.847553],[-122.243867,37.84762],[-122.243802,37.847688],[-122.243742,37.847756],[-122.243683,37.847826],[-122.243627,37.847873],[-122.243571,37.847919],[-122.243511,37.847963],[-122.243451,37.848006],[-122.24339,37.848048],[-122.243325,37.848087],[-122.24326,37.848126],[-122.243194,37.848162],[-122.243112,37.848204],[-122.243057,37.84823],[-122.242928,37.848288],[-122.242798,37.848345],[-122.242677,37.848395],[-122.242542,37.848438],[-122.242415,37.848482],[-122.242288,37.848525],[-122.242162,37.84857],[-122.242037,37.848616],[-122.241911,37.848663],[-122.241737,37.848753],[-122.241117,37.848985],[-122.240604,37.849201],[-122.240201,37.849367],[-122.239964,37.849453],[-122.239762,37.849527],[-122.239715,37.84954],[-122.239636,37.849555],[-122.23956,37.849574],[-122.239482,37.849591],[-122.239407,37.849605],[-122.239329,37.849618],[-122.239251,37.849629],[-122.239172,37.849637],[-122.239092,37.849644],[-122.239014,37.849648],[-122.238935,37.849651],[-122.238855,37.849651],[-122.238777,37.849649],[-122.238697,37.849645],[-122.238612,37.849638],[-122.238527,37.849629],[-122.238444,37.849618],[-122.23836,37.849604],[-122.238277,37.849588],[-122.238193,37.84957],[-122.238112,37.849551],[-122.238031,37.849529],[-122.237951,37.849505],[-122.237873,37.84948],[-122.237794,37.849452],[-122.237717,37.849422],[-122.23761,37.84938],[-122.237537,37.849349],[-122.237449,37.849309],[-122.237364,37.849269],[-122.237278,37.849225],[-122.237194,37.849181],[-122.237111,37.849135],[-122.23703,37.849088],[-122.236951,37.849038],[-122.236874,37.848987],[-122.236779,37.848924],[-122.236682,37.848863],[-122.236585,37.848803],[-122.236487,37.848743],[-122.236389,37.848686],[-122.236289,37.848629],[-122.236187,37.848573],[-122.236085,37.848519],[-122.236015,37.848484],[-122.235943,37.848451],[-122.23587,37.84842],[-122.235796,37.84839],[-122.235721,37.848362],[-122.235646,37.848336],[-122.235586,37.848316],[-122.235493,37.848288],[-122.235414,37.848266],[-122.235336,37.848247],[-122.235256,37.848228],[-122.235176,37.848212],[-122.235096,37.848197],[-122.235016,37.848184],[-122.234942,37.848173],[-122.234852,37.848162]]]]}},{"type":"Feature","properties":{"nhood":"13Y"},"geometry":{"type":"MultiPolygon","coordinates":[[[[-122.243843,37.883996],[-122.242535,37.883099],[-122.240156,37.883779],[-122.239402,37.883995],[-122.239074,37.883891],[-122.2373,37.883332],[-122.236057,37.882941],[-122.231936,37.881641],[-122.228415,37.880085],[-122.223483,37.877906],[-122.221673,37.875434],[-122.220023,37.873181],[-122.217784,37.872397],[-122.216504,37.869002],[-122.215792,37.868368],[-122.216426,37.867344],[-122.217864,37.868203],[-122.219557,37.86752],[-122.219562,37.867516],[-122.221456,37.865656],[-122.220321,37.865085],[-122.219942,37.864894],[-122.219803,37.864747],[-122.219642,37.864589],[-122.219539,37.864488],[-122.219482,37.864436],[-122.219416,37.864371],[-122.219289,37.864246],[-122.218846,37.86381],[-122.218489,37.86346],[-122.218255,37.863229],[-122.217668,37.862653],[-122.217132,37.862126],[-122.216471,37.861421],[-122.215855,37.860766],[-122.21555,37.860449],[-122.215189,37.860092],[-122.214634,37.859542],[-122.214261,37.859172],[-122.21417,37.859082],[-122.214092,37.859004],[-122.21403,37.858938],[-122.213982,37.858887],[-122.213977,37.858881],[-122.213973,37.858878],[-122.213798,37.858711],[-122.213585,37.858508],[-122.213579,37.858501],[-122.213516,37.858435],[-122.213431,37.858345],[-122.213376,37.858286],[-122.213371,37.858281],[-122.213232,37.858134],[-122.213135,37.858017],[-122.213095,37.85797],[-122.213055,37.857922],[-122.213017,37.857877],[-122.213021,37.857793],[-122.212935,37.857721],[-122.212843,37.85762],[-122.212798,37.85757],[-122.212679,37.857439],[-122.212594,37.857378],[-122.212561,37.857354],[-122.212553,37.857349],[-122.212467,37.857297],[-122.212387,37.857253],[-122.212301,37.857207],[-122.21222,37.857161],[-122.212145,37.857111],[-122.212137,37.857106],[-122.212071,37.857059],[-122.212015,37.857012],[-122.212008,37.857006],[-122.211964,37.856961],[-122.211926,37.856919],[-122.211879,37.856856],[-122.21183,37.856769],[-122.211807,37.856722],[-122.211789,37.856685],[-122.211755,37.856593],[-122.211754,37.856587],[-122.211736,37.856499],[-122.211701,37.856462],[-122.211603,37.85636],[-122.21112,37.855831],[-122.21043,37.855075],[-122.21056,37.854832],[-122.210846,37.854265],[-122.210546,37.853903],[-122.210378,37.853705],[-122.209315,37.852445],[-122.209195,37.852293],[-122.206306,37.85183],[-122.205401,37.85207],[-122.205224,37.852116],[-122.20521,37.85212],[-122.205197,37.852123],[-122.202877,37.851814],[-122.20069,37.848749],[-122.200684,37.848746],[-122.198792,37.847761],[-122.198654,37.847689],[-122.198482,37.847635],[-122.198216,37.847386],[-122.19589,37.845325],[-122.194981,37.843748],[-122.19499,37.843737],[-122.194995,37.843731],[-122.195093,37.843588],[-122.195122,37.843544],[-122.195033,37.843027],[-122.195038,37.843023],[-122.195086,37.842974],[-122.195091,37.842969],[-122.195248,37.842809],[-122.195253,37.842804],[-122.195313,37.842743],[-122.19539,37.842783],[-122.195451,37.842768],[-122.195507,37.842759],[-122.195564,37.842755],[-122.19564,37.842758],[-122.195697,37.842764],[-122.195767,37.842769],[-122.195869,37.842773],[-122.195975,37.842773],[-122.196044,37.84277],[-122.196113,37.842766],[-122.196472,37.842723],[-122.196864,37.842669],[-122.196968,37.842659],[-122.197091,37.842651],[-122.197196,37.842645],[-122.197283,37.842641],[-122.19735,37.84264],[-122.197587,37.842637],[-122.19766,37.842635],[-122.197736,37.842626],[-122.197804,37.842606],[-122.197856,37.84258],[-122.197901,37.842539],[-122.197944,37.842452],[-122.197951,37.842392],[-122.197953,37.842346],[-122.197952,37.842284],[-122.197949,37.842188],[-122.197945,37.842119],[-122.197938,37.842019],[-122.197931,37.841934],[-122.197935,37.841891],[-122.197948,37.841835],[-122.197971,37.841781],[-122.197995,37.841742],[-122.198023,37.841707],[-122.198057,37.841673],[-122.198096,37.841643],[-122.198154,37.841607],[-122.198216,37.841577],[-122.198294,37.841543],[-122.198486,37.841459],[-122.198545,37.841416],[-122.198578,37.841374],[-122.19859,37.841336],[-122.198594,37.841297],[-122.198589,37.841257],[-122.198573,37.841213],[-122.198553,37.841167],[-122.198528,37.841122],[-122.198505,37.841082],[-122.198479,37.841042],[-122.198439,37.840985],[-122.198386,37.840925],[-122.198348,37.840888],[-122.198287,37.840837],[-122.198236,37.840802],[-122.198134,37.840734],[-122.198091,37.840699],[-122.198056,37.840659],[-122.198028,37.840616],[-122.198008,37.840567],[-122.197991,37.840503],[-122.197976,37.84045],[-122.197946,37.840387],[-122.197893,37.84033],[-122.19784,37.84029],[-122.197787,37.84026],[-122.197723,37.840236],[-122.197635,37.840204],[-122.197723,37.840155],[-122.197774,37.840131],[-122.197831,37.840105],[-122.197885,37.840081],[-122.197955,37.840054],[-122.198,37.840038],[-122.198054,37.840019],[-122.198124,37.839999],[-122.198197,37.839975],[-122.198246,37.839957],[-122.198316,37.839928],[-122.198384,37.839895],[-122.198432,37.83987],[-122.198484,37.839841],[-122.198524,37.839812],[-122.198563,37.839781],[-122.198597,37.839746],[-122.198628,37.839706],[-122.198667,37.839644],[-122.198686,37.839601],[-122.198713,37.839527],[-122.19872,37.839488],[-122.198721,37.839438],[-122.198717,37.839261],[-122.198716,37.839217],[-122.198717,37.839161],[-122.198721,37.8391],[-122.198721,37.8391],[-122.198721,37.8391],[-122.198725,37.839049],[-122.198732,37.838993],[-122.198743,37.838934],[-122.198758,37.838872],[-122.198775,37.838819],[-122.198802,37.838754],[-122.198846,37.838673],[-122.198881,37.838616],[-122.198927,37.838565],[-122.198989,37.838518],[-122.199043,37.838492],[-122.1991,37.838472],[-122.199283,37.838435],[-122.199379,37.838412],[-122.199481,37.83838],[-122.199871,37.838224],[-122.199927,37.838211],[-122.199977,37.838206],[-122.200036,37.838213],[-122.20012,37.838234],[-122.200192,37.838258],[-122.200286,37.83829],[-122.200368,37.838311],[-122.200428,37.838318],[-122.2005,37.83832],[-122.200559,37.838312],[-122.200608,37.838316],[-122.2006,37.838362],[-122.200598,37.838432],[-122.200615,37.838509],[-122.200636,37.838557],[-122.200685,37.838612],[-122.20073,37.838649],[-122.200749,37.838692],[-122.20069,37.838705],[-122.200632,37.838707],[-122.200576,37.838702],[-122.200334,37.838654],[-122.199825,37.838553],[-122.19975,37.838554],[-122.19966,37.838574],[-122.199592,37.838612],[-122.199546,37.838655],[-122.199473,37.83871],[-122.199368,37.83879],[-122.199323,37.838843],[-122.199313,37.838906],[-122.199332,37.838975],[-122.199329,37.83906],[-122.199335,37.839111],[-122.19934,37.839161],[-122.199341,37.839212],[-122.199342,37.839263],[-122.19934,37.839313],[-122.199336,37.839364],[-122.199331,37.839409],[-122.199316,37.839496],[-122.199294,37.839578],[-122.199271,37.83963],[-122.199239,37.839683],[-122.199212,37.839718],[-122.199105,37.839862],[-122.199065,37.839896],[-122.199021,37.839923],[-122.198955,37.839948],[-122.198899,37.839966],[-122.198827,37.840007],[-122.198768,37.840067],[-122.198701,37.840127],[-122.19864,37.840172],[-122.19858,37.840207],[-122.198511,37.840249],[-122.198481,37.840295],[-122.198479,37.840359],[-122.198517,37.840415],[-122.198581,37.840462],[-122.198655,37.840493],[-122.1987,37.84051],[-122.198764,37.840539],[-122.198882,37.840611],[-122.198924,37.840655],[-122.19895,37.840704],[-122.198993,37.840798],[-122.199034,37.84085],[-122.199069,37.840883],[-122.199117,37.840919],[-122.199166,37.840952],[-122.199243,37.840996],[-122.199297,37.84104],[-122.199327,37.841081],[-122.199344,37.841122],[-122.199354,37.841172],[-122.199363,37.841327],[-122.199371,37.841388],[-122.199386,37.841433],[-122.199419,37.84148],[-122.19946,37.841528],[-122.199613,37.841674],[-122.199649,37.841707],[-122.199737,37.841786],[-122.199737,37.841786],[-122.199795,37.841833],[-122.199855,37.841875],[-122.199919,37.841914],[-122.199979,37.841948],[-122.200033,37.841979],[-122.200102,37.842019],[-122.200176,37.842067],[-122.200212,37.842103],[-122.199903,37.843093],[-122.200203,37.843362],[-122.200605,37.843268],[-122.200703,37.84325],[-122.200913,37.843209],[-122.200989,37.843204],[-122.201066,37.843205],[-122.201158,37.843212],[-122.201223,37.843222],[-122.201278,37.843238],[-122.201324,37.843256],[-122.201413,37.843296],[-122.201474,37.843324],[-122.201527,37.843346],[-122.20159,37.843363],[-122.20169,37.843378],[-122.201751,37.843389],[-122.201798,37.843404],[-122.201847,37.843423],[-122.201904,37.843443],[-122.201963,37.843459],[-122.202067,37.843477],[-122.202161,37.843486],[-122.202268,37.84348],[-122.202362,37.843461],[-122.202444,37.843445],[-122.202498,37.843431],[-122.20256,37.843412],[-122.202651,37.843384],[-122.202739,37.843359],[-122.20282,37.843337],[-122.202887,37.843322],[-122.202966,37.843305],[-122.203037,37.843288],[-122.203111,37.843271],[-122.203199,37.843253],[-122.203283,37.843234],[-122.203377,37.843212],[-122.203471,37.843187],[-122.203559,37.843164],[-122.203667,37.843122],[-122.203738,37.843086],[-122.203787,37.843057],[-122.203847,37.843008],[-122.203882,37.842962],[-122.203908,37.842913],[-122.203969,37.84292],[-122.204034,37.842906],[-122.204092,37.842884],[-122.204137,37.842862],[-122.204221,37.84281],[-122.204309,37.842752],[-122.204344,37.842724],[-122.204395,37.842674],[-122.204448,37.842615],[-122.204484,37.842578],[-122.204521,37.842541],[-122.204587,37.842485],[-122.204641,37.842448],[-122.204695,37.842423],[-122.204746,37.842407],[-122.204942,37.842363],[-122.205006,37.842347],[-122.205084,37.842325],[-122.205131,37.842309],[-122.205199,37.842284],[-122.205311,37.842238],[-122.205398,37.842204],[-122.205468,37.842177],[-122.205573,37.842138],[-122.205663,37.842108],[-122.205737,37.842083],[-122.206246,37.841923],[-122.206338,37.841893],[-122.206433,37.841864],[-122.206528,37.841836],[-122.206614,37.841812],[-122.206691,37.841795],[-122.206785,37.841782],[-122.206879,37.841775],[-122.206974,37.841775],[-122.20711,37.841783],[-122.207168,37.841789],[-122.207256,37.841798],[-122.20733,37.841805],[-122.207401,37.841811],[-122.207478,37.841816],[-122.20754,37.841818],[-122.207624,37.841821],[-122.207698,37.841822],[-122.207791,37.841824],[-122.207857,37.841823],[-122.207937,37.841822],[-122.208002,37.841819],[-122.208084,37.841814],[-122.208184,37.841804],[-122.20825,37.841796],[-122.208326,37.841786],[-122.208418,37.841773],[-122.208479,37.841763],[-122.20855,37.841752],[-122.208601,37.841742],[-122.208677,37.841724],[-122.208677,37.841724],[-122.208753,37.841703],[-122.208805,37.841686],[-122.208856,37.841667],[-122.208918,37.841641],[-122.20901,37.841602],[-122.20909,37.84156],[-122.209157,37.841518],[-122.209199,37.841488],[-122.209244,37.841446],[-122.209294,37.841386],[-122.209329,37.84133],[-122.209355,37.841271],[-122.209374,37.841202],[-122.209396,37.8411],[-122.209424,37.840981],[-122.20945,37.840872],[-122.209482,37.840749],[-122.209496,37.840703],[-122.209517,37.840657],[-122.209548,37.840597],[-122.209622,37.840487],[-122.209683,37.840399],[-122.209742,37.840313],[-122.209818,37.840201],[-122.209884,37.840106],[-122.209926,37.840045],[-122.209949,37.84001],[-122.210008,37.839919],[-122.210059,37.83984],[-122.210086,37.839799],[-122.210126,37.839739],[-122.210197,37.839637],[-122.210251,37.83956],[-122.210306,37.839481],[-122.210351,37.839415],[-122.210379,37.839375],[-122.210449,37.839269],[-122.210471,37.839226],[-122.210488,37.839189],[-122.21051,37.839139],[-122.210531,37.839092],[-122.210571,37.838993],[-122.210595,37.838932],[-122.210614,37.838874],[-122.210671,37.83872],[-122.210687,37.838675],[-122.210761,37.838477],[-122.21079,37.838398],[-122.210836,37.838277],[-122.210896,37.838119],[-122.210912,37.838074],[-122.211032,37.837763],[-122.21106,37.837693],[-122.2111,37.837589],[-122.211166,37.837417],[-122.211243,37.837214],[-122.211347,37.836933],[-122.211391,37.836816],[-122.211424,37.836732],[-122.211512,37.836494],[-122.21154,37.836405],[-122.211566,37.836325],[-122.21168,37.836001],[-122.21177,37.835748],[-122.211816,37.835616],[-122.211854,37.835505],[-122.211875,37.835446],[-122.211929,37.835295],[-122.212025,37.835013],[-122.212152,37.834678],[-122.212177,37.834625],[-122.212216,37.834557],[-122.212263,37.834492],[-122.212311,37.834438],[-122.212368,37.834381],[-122.212434,37.834324],[-122.212484,37.834284],[-122.212525,37.834254],[-122.212567,37.834225],[-122.21261,37.834197],[-122.212651,37.834173],[-122.212789,37.834089],[-122.21288,37.834034],[-122.213042,37.833934],[-122.213192,37.833841],[-122.213234,37.833814],[-122.213329,37.833755],[-122.213456,37.833668],[-122.213595,37.833569],[-122.213804,37.833417],[-122.213976,37.833281],[-122.214115,37.83316],[-122.214236,37.833052],[-122.214308,37.832987],[-122.214404,37.832901],[-122.214524,37.832786],[-122.2147,37.832523],[-122.214828,37.832299],[-122.214916,37.832144],[-122.214943,37.832098],[-122.215059,37.831894],[-122.215244,37.831635],[-122.215279,37.831704],[-122.215324,37.831772],[-122.215362,37.83182],[-122.215419,37.83188],[-122.215467,37.831926],[-122.215536,37.83198],[-122.215619,37.832033],[-122.215814,37.83213],[-122.215956,37.832198],[-122.216261,37.832333],[-122.216422,37.832405],[-122.216514,37.832444],[-122.216586,37.832473],[-122.216813,37.832568],[-122.217011,37.832654],[-122.217259,37.832762],[-122.217545,37.832897],[-122.21761,37.832929],[-122.21764,37.83297],[-122.217663,37.833007],[-122.217685,37.833043],[-122.217703,37.833081],[-122.217719,37.833119],[-122.217734,37.833158],[-122.217747,37.833197],[-122.217773,37.833267],[-122.217799,37.833336],[-122.217827,37.833405],[-122.217854,37.833475],[-122.217883,37.833544],[-122.217914,37.833612],[-122.217938,37.833653],[-122.217961,37.833693],[-122.217987,37.833732],[-122.218013,37.833772],[-122.21804,37.833811],[-122.218069,37.833849],[-122.218275,37.834138],[-122.218508,37.834471],[-122.218698,37.834762],[-122.218739,37.834829],[-122.218781,37.834897],[-122.218819,37.834965],[-122.218858,37.835033],[-122.218894,37.835102],[-122.218931,37.835171],[-122.219108,37.835491],[-122.219195,37.835652],[-122.219478,37.836164],[-122.219537,37.83624],[-122.2196,37.836314],[-122.219662,37.836388],[-122.219728,37.836461],[-122.219793,37.836533],[-122.219861,37.836603],[-122.21993,37.836673],[-122.220003,37.836742],[-122.220091,37.836824],[-122.220181,37.836905],[-122.220273,37.836984],[-122.220367,37.837062],[-122.220464,37.837139],[-122.220561,37.837214],[-122.220659,37.837288],[-122.220762,37.83736],[-122.221019,37.837548],[-122.221359,37.837795],[-122.221656,37.838013],[-122.221759,37.838085],[-122.221859,37.83816],[-122.221958,37.838236],[-122.222053,37.838314],[-122.222148,37.838393],[-122.222242,37.838472],[-122.222338,37.838559],[-122.22243,37.838646],[-122.22252,37.838735],[-122.222609,37.838826],[-122.222696,37.838916],[-122.222781,37.839009],[-122.22285,37.839091],[-122.22292,37.839173],[-122.222988,37.839256],[-122.223052,37.83934],[-122.223116,37.839425],[-122.223179,37.839509],[-122.223324,37.839706],[-122.223506,37.839957],[-122.223538,37.839999],[-122.223874,37.840457],[-122.224028,37.840666],[-122.224336,37.841083],[-122.224513,37.841322],[-122.224767,37.841667],[-122.224865,37.841802],[-122.225012,37.842],[-122.225305,37.842397],[-122.22535,37.842459],[-122.225398,37.84252],[-122.225446,37.842581],[-122.225496,37.842641],[-122.225548,37.8427],[-122.225599,37.842759],[-122.225733,37.842912],[-122.225784,37.842972],[-122.225999,37.843219],[-122.226171,37.843425],[-122.226463,37.843777],[-122.226513,37.843838],[-122.226597,37.843959],[-122.226708,37.844116],[-122.226817,37.844272],[-122.226926,37.844429],[-122.227034,37.844587],[-122.227096,37.844682],[-122.227251,37.844916],[-122.22728,37.844966],[-122.227309,37.845016],[-122.227334,37.845067],[-122.22736,37.845118],[-122.227391,37.845184],[-122.227414,37.845223],[-122.227443,37.845274],[-122.227476,37.845325],[-122.22751,37.845374],[-122.227544,37.845424],[-122.227581,37.845472],[-122.22762,37.84552],[-122.227928,37.845878],[-122.227994,37.845956],[-122.228062,37.846032],[-122.228131,37.846108],[-122.2282,37.846183],[-122.228273,37.846257],[-122.228346,37.84633],[-122.228443,37.846417],[-122.228542,37.846504],[-122.228641,37.84659],[-122.228742,37.846677],[-122.228807,37.846737],[-122.228873,37.846798],[-122.228937,37.846859],[-122.228999,37.846922],[-122.229059,37.846985],[-122.22912,37.84705],[-122.229463,37.847443],[-122.229735,37.847751],[-122.229912,37.847958],[-122.229925,37.848019],[-122.22991,37.848079],[-122.229706,37.848305],[-122.229614,37.84841],[-122.229563,37.848468],[-122.229549,37.848513],[-122.229539,37.848559],[-122.229579,37.848602],[-122.229672,37.848702],[-122.229813,37.848854],[-122.230028,37.849085],[-122.230189,37.849261],[-122.230678,37.8495],[-122.231495,37.849897],[-122.231624,37.84996],[-122.232506,37.850469],[-122.233206,37.851179],[-122.233819,37.852244],[-122.234472,37.852434],[-122.234586,37.852558],[-122.234587,37.852563],[-122.234593,37.852633],[-122.2346,37.852693],[-122.234642,37.85309],[-122.234706,37.853693],[-122.234716,37.853783],[-122.234906,37.855562],[-122.234956,37.856033],[-122.235017,37.85662],[-122.235032,37.856757],[-122.235033,37.856766],[-122.235057,37.857005],[-122.235081,37.857231],[-122.235095,37.857358],[-122.235114,37.857537],[-122.235115,37.857546],[-122.235413,37.857538],[-122.235579,37.857533],[-122.235837,37.857526],[-122.235894,37.857525],[-122.2359,37.857524],[-122.236032,37.857521],[-122.236407,37.85751],[-122.236599,37.857505],[-122.236683,37.857503],[-122.236798,37.857499],[-122.236948,37.857495],[-122.237632,37.857476],[-122.237759,37.857473],[-122.237839,37.857471],[-122.237953,37.857468],[-122.238035,37.857466],[-122.238324,37.857458],[-122.238444,37.857454],[-122.238816,37.857444],[-122.238924,37.857441],[-122.239396,37.857428],[-122.239494,37.857425],[-122.239567,37.857423],[-122.23978,37.857417],[-122.240218,37.857405],[-122.240438,37.857399],[-122.240716,37.857392],[-122.240816,37.857388],[-122.241628,37.857366],[-122.241873,37.85736],[-122.242206,37.85735],[-122.242858,37.857332],[-122.243534,37.857314],[-122.243843,37.857305],[-122.243863,37.857304],[-122.244136,37.857297],[-122.244152,37.857487],[-122.24415,37.857546],[-122.244149,37.857575],[-122.244145,37.857677],[-122.244149,37.857741],[-122.244152,37.857783],[-122.244158,37.857848],[-122.244159,37.857861],[-122.244179,37.85802],[-122.244189,37.858099],[-122.244197,37.85817],[-122.244199,37.858182],[-122.244218,37.858363],[-122.244243,37.858595],[-122.244285,37.858992],[-122.24429,37.859043],[-122.244314,37.85927],[-122.24433,37.859425],[-122.244366,37.859769],[-122.244373,37.85983],[-122.244378,37.859884],[-122.244453,37.860595],[-122.244481,37.860857],[-122.244506,37.861093],[-122.244521,37.861241],[-122.244542,37.861438],[-122.244565,37.861664],[-122.24459,37.8619],[-122.244617,37.862158],[-122.244629,37.862275],[-122.244649,37.862467],[-122.244662,37.862582],[-122.244663,37.862593],[-122.244664,37.862599],[-122.244746,37.863394],[-122.2448,37.863909],[-122.24481,37.864003],[-122.244824,37.864131],[-122.245015,37.86595],[-122.245089,37.866646],[-122.24528,37.868475],[-122.245381,37.869423],[-122.245433,37.869946],[-122.245449,37.8701],[-122.24573,37.872782],[-122.245987,37.875223],[-122.246527,37.880372],[-122.246617,37.881223],[-122.246731,37.882312],[-122.246818,37.883149],[-122.246827,37.883233],[-122.246828,37.883244],[-122.246856,37.883504],[-122.24687,37.883625],[-122.246889,37.883784],[-122.246907,37.883934],[-122.247015,37.884844],[-122.247095,37.885492],[-122.247182,37.886222],[-122.24719,37.886284],[-122.24719,37.886293],[-122.243843,37.883996]]],[[[-122.174964,37.866075],[-122.17663,37.866052],[-122.176657,37.867284],[-122.174992,37.867308],[-122.174964,37.866075]]]]}},{"type":"Feature","properties":{"nhood":"13Z"},"geometry":{"type":"MultiPolygon","coordinates":[[[[-122.201066,37.843205],[-122.200989,37.843204],[-122.200913,37.843209],[-122.200703,37.84325],[-122.200605,37.843268],[-122.200203,37.843362],[-122.199903,37.843093],[-122.200212,37.842103],[-122.200176,37.842067],[-122.200102,37.842019],[-122.200033,37.841979],[-122.199979,37.841948],[-122.199919,37.841914],[-122.199855,37.841875],[-122.199795,37.841833],[-122.199737,37.841786],[-122.199737,37.841786],[-122.199649,37.841707],[-122.199613,37.841674],[-122.19946,37.841528],[-122.199419,37.84148],[-122.199386,37.841433],[-122.199371,37.841388],[-122.199363,37.841327],[-122.199354,37.841172],[-122.199344,37.841122],[-122.199327,37.841081],[-122.199297,37.84104],[-122.199243,37.840996],[-122.199166,37.840952],[-122.199117,37.840919],[-122.199069,37.840883],[-122.199034,37.84085],[-122.198993,37.840798],[-122.198952,37.840708],[-122.198924,37.840655],[-122.198882,37.840611],[-122.198764,37.840539],[-122.1987,37.84051],[-122.198655,37.840493],[-122.198581,37.840462],[-122.198517,37.840415],[-122.198479,37.840359],[-122.198481,37.840295],[-122.198511,37.840249],[-122.19858,37.840207],[-122.19864,37.840172],[-122.198701,37.840127],[-122.198768,37.840067],[-122.198827,37.840007],[-122.198899,37.839966],[-122.198955,37.839948],[-122.199021,37.839923],[-122.199065,37.839896],[-122.199105,37.839862],[-122.199212,37.839718],[-122.199239,37.839683],[-122.199271,37.83963],[-122.199294,37.839578],[-122.199316,37.839496],[-122.199331,37.839409],[-122.199336,37.839364],[-122.19934,37.839313],[-122.199342,37.839263],[-122.199341,37.839212],[-122.19934,37.839161],[-122.199335,37.839111],[-122.199329,37.83906],[-122.199332,37.838975],[-122.199313,37.838906],[-122.199323,37.838843],[-122.199368,37.83879],[-122.199473,37.83871],[-122.199546,37.838655],[-122.199592,37.838612],[-122.19966,37.838574],[-122.19975,37.838554],[-122.199825,37.838553],[-122.200334,37.838654],[-122.200576,37.838702],[-122.200632,37.838707],[-122.20069,37.838705],[-122.200749,37.838692],[-122.20073,37.838649],[-122.200685,37.838612],[-122.200636,37.838557],[-122.200615,37.838509],[-122.200598,37.838432],[-122.2006,37.838362],[-122.200608,37.838316],[-122.200559,37.838312],[-122.2005,37.83832],[-122.200428,37.838318],[-122.200368,37.838311],[-122.200286,37.83829],[-122.200192,37.838258],[-122.20012,37.838234],[-122.200036,37.838213],[-122.199977,37.838206],[-122.199927,37.838211],[-122.199871,37.838224],[-122.199481,37.83838],[-122.199379,37.838412],[-122.199283,37.838435],[-122.1991,37.838472],[-122.199043,37.838492],[-122.198989,37.838518],[-122.198927,37.838565],[-122.198881,37.838616],[-122.198846,37.838673],[-122.198802,37.838754],[-122.198775,37.838819],[-122.198758,37.838872],[-122.198743,37.838934],[-122.198732,37.838993],[-122.198725,37.839049],[-122.198721,37.8391],[-122.198721,37.8391],[-122.198721,37.8391],[-122.198717,37.839161],[-122.198716,37.839217],[-122.198717,37.839261],[-122.198721,37.839438],[-122.19872,37.839488],[-122.198713,37.839527],[-122.198686,37.839601],[-122.198667,37.839644],[-122.198628,37.839706],[-122.198597,37.839746],[-122.198563,37.839781],[-122.198524,37.839812],[-122.198484,37.839841],[-122.198432,37.83987],[-122.198384,37.839895],[-122.198316,37.839928],[-122.198246,37.839957],[-122.198197,37.839975],[-122.198124,37.839999],[-122.198054,37.840019],[-122.198,37.840038],[-122.197955,37.840054],[-122.197885,37.840081],[-122.197831,37.840105],[-122.197774,37.840131],[-122.197723,37.840155],[-122.197635,37.840204],[-122.197723,37.840236],[-122.197787,37.84026],[-122.19784,37.84029],[-122.197893,37.84033],[-122.197946,37.840387],[-122.197976,37.84045],[-122.197991,37.840503],[-122.198008,37.840567],[-122.198028,37.840616],[-122.198056,37.840659],[-122.198091,37.840699],[-122.198134,37.840734],[-122.198236,37.840802],[-122.198287,37.840837],[-122.198348,37.840888],[-122.198386,37.840925],[-122.198439,37.840985],[-122.198479,37.841042],[-122.198505,37.841082],[-122.198528,37.841122],[-122.198553,37.841167],[-122.198573,37.841213],[-122.198589,37.841257],[-122.198594,37.841297],[-122.19859,37.841336],[-122.198578,37.841374],[-122.198545,37.841416],[-122.198486,37.841459],[-122.198294,37.841543],[-122.198216,37.841577],[-122.198154,37.841607],[-122.198096,37.841643],[-122.198057,37.841673],[-122.198023,37.841707],[-122.197995,37.841742],[-122.197971,37.841781],[-122.197948,37.841835],[-122.197935,37.841891],[-122.197931,37.841934],[-122.197938,37.842019],[-122.197945,37.842119],[-122.197949,37.842188],[-122.197952,37.842288],[-122.197953,37.842346],[-122.197951,37.842392],[-122.197944,37.842452],[-122.197901,37.842539],[-122.197856,37.84258],[-122.197804,37.842606],[-122.197736,37.842626],[-122.19766,37.842635],[-122.197587,37.842637],[-122.19735,37.84264],[-122.197283,37.842641],[-122.197196,37.842645],[-122.197091,37.842651],[-122.196968,37.842659],[-122.196864,37.842669],[-122.196472,37.842723],[-122.196113,37.842766],[-122.196044,37.84277],[-122.195975,37.842773],[-122.195869,37.842773],[-122.195767,37.842769],[-122.195697,37.842764],[-122.19564,37.842758],[-122.195564,37.842755],[-122.195507,37.842759],[-122.195451,37.842768],[-122.19539,37.842783],[-122.195312,37.842742],[-122.195593,37.842457],[-122.1919,37.84092],[-122.18532,37.837559],[-122.183577,37.834564],[-122.183852,37.833908],[-122.18431,37.833286],[-122.184656,37.833136],[-122.184714,37.832995],[-122.184763,37.832874],[-122.185178,37.831853],[-122.185396,37.831319],[-122.186435,37.830637],[-122.186491,37.830484],[-122.18659,37.830214],[-122.186693,37.828939],[-122.18652,37.828915],[-122.186399,37.828899],[-122.186385,37.827462],[-122.186584,37.827304],[-122.185675,37.825553],[-122.18543,37.825023],[-122.186248,37.823288],[-122.186443,37.822578],[-122.185567,37.82123],[-122.185792,37.820892],[-122.18565,37.820814],[-122.185553,37.82078],[-122.185685,37.820733],[-122.186371,37.820486],[-122.186875,37.820308],[-122.187704,37.820014],[-122.18776,37.820044],[-122.187827,37.819991],[-122.187877,37.819962],[-122.187931,37.819935],[-122.188003,37.819905],[-122.188093,37.819878],[-122.18816,37.819873],[-122.188205,37.819894],[-122.188267,37.819916],[-122.188342,37.819936],[-122.188438,37.819949],[-122.188519,37.819948],[-122.188595,37.819937],[-122.188651,37.819926],[-122.188707,37.819912],[-122.18876,37.819894],[-122.188826,37.819867],[-122.18887,37.819846],[-122.188909,37.819821],[-122.188945,37.819793],[-122.188976,37.819762],[-122.189012,37.819717],[-122.18904,37.819659],[-122.189053,37.81961],[-122.189058,37.819556],[-122.189057,37.819496],[-122.189049,37.819442],[-122.189031,37.819378],[-122.189001,37.819313],[-122.188963,37.819253],[-122.188922,37.819198],[-122.188842,37.819109],[-122.188811,37.819078],[-122.188782,37.819044],[-122.188745,37.818996],[-122.188711,37.818937],[-122.188693,37.818895],[-122.188679,37.818838],[-122.188673,37.81878],[-122.188677,37.818722],[-122.18869,37.818653],[-122.188701,37.818603],[-122.188717,37.818561],[-122.188922,37.818158],[-122.188946,37.818116],[-122.188981,37.818061],[-122.189019,37.818008],[-122.189381,37.817554],[-122.189411,37.817516],[-122.189445,37.817478],[-122.189484,37.817443],[-122.189523,37.817411],[-122.19037,37.81638],[-122.191869,37.814553],[-122.192388,37.81401],[-122.196912,37.815905],[-122.196713,37.816077],[-122.196347,37.816394],[-122.196663,37.816509],[-122.19694,37.81661],[-122.197048,37.816642],[-122.197103,37.816658],[-122.197173,37.816678],[-122.197264,37.816704],[-122.197374,37.816734],[-122.197446,37.816757],[-122.197528,37.816787],[-122.197595,37.816821],[-122.197652,37.816858],[-122.197704,37.816899],[-122.19775,37.816944],[-122.198078,37.817252],[-122.198142,37.817306],[-122.198204,37.81736],[-122.198239,37.81739],[-122.198278,37.817425],[-122.198353,37.817492],[-122.198427,37.817551],[-122.198518,37.817611],[-122.198588,37.817653],[-122.198646,37.817693],[-122.198714,37.817741],[-122.198777,37.817773],[-122.198834,37.817795],[-122.198887,37.817811],[-122.198934,37.817824],[-122.199013,37.817855],[-122.199068,37.817885],[-122.199118,37.81792],[-122.199161,37.817959],[-122.199215,37.818028],[-122.199237,37.818077],[-122.199251,37.818114],[-122.199261,37.818152],[-122.199273,37.818206],[-122.199284,37.81827],[-122.19929,37.818317],[-122.199299,37.818361],[-122.199308,37.818402],[-122.199326,37.818459],[-122.199345,37.818513],[-122.199369,37.818562],[-122.199413,37.818637],[-122.199449,37.818688],[-122.199476,37.818723],[-122.199509,37.818764],[-122.199577,37.818829],[-122.19963,37.818867],[-122.199689,37.818901],[-122.199768,37.818935],[-122.199988,37.819011],[-122.200098,37.81905],[-122.200208,37.819087],[-122.200274,37.819118],[-122.200335,37.819152],[-122.200375,37.819178],[-122.200421,37.819213],[-122.200466,37.819252],[-122.200505,37.819286],[-122.200548,37.819324],[-122.200643,37.81941],[-122.200699,37.819462],[-122.200739,37.819498],[-122.200781,37.819537],[-122.200834,37.819586],[-122.200966,37.819638],[-122.201011,37.819584],[-122.201047,37.819528],[-122.201071,37.819475],[-122.201093,37.81941],[-122.201124,37.819317],[-122.20113,37.819302],[-122.201136,37.819286],[-122.201149,37.819256],[-122.201157,37.819241],[-122.201165,37.819227],[-122.201184,37.819198],[-122.201224,37.819145],[-122.201264,37.819092],[-122.201307,37.81904],[-122.201349,37.818989],[-122.201413,37.81892],[-122.201475,37.81885],[-122.201534,37.818779],[-122.201598,37.818698],[-122.201699,37.818559],[-122.201974,37.81824],[-122.202117,37.81814],[-122.202186,37.818115],[-122.202262,37.818105],[-122.202405,37.818107],[-122.202855,37.81815],[-122.203006,37.818181],[-122.203118,37.818229],[-122.203223,37.818307],[-122.20326,37.818349],[-122.203289,37.818387],[-122.203329,37.818438],[-122.203354,37.818478],[-122.203379,37.81852],[-122.203409,37.818563],[-122.203471,37.818642],[-122.203515,37.818691],[-122.203569,37.818738],[-122.203612,37.818769],[-122.203656,37.818799],[-122.203701,37.818828],[-122.203833,37.818899],[-122.203904,37.818939],[-122.203963,37.818972],[-122.204091,37.819047],[-122.20415,37.819082],[-122.204217,37.819122],[-122.204343,37.819199],[-122.204468,37.819277],[-122.204509,37.819304],[-122.204549,37.819332],[-122.20459,37.819361],[-122.20465,37.81941],[-122.204699,37.819453],[-122.204733,37.819486],[-122.204766,37.819519],[-122.204795,37.819551],[-122.204823,37.819584],[-122.204857,37.819626],[-122.204909,37.819701],[-122.204942,37.819755],[-122.205034,37.819932],[-122.205106,37.820076],[-122.205177,37.820221],[-122.205254,37.820374],[-122.20528,37.820423],[-122.205315,37.820481],[-122.205358,37.820551],[-122.205387,37.820594],[-122.205424,37.820649],[-122.205461,37.820697],[-122.205506,37.820758],[-122.205551,37.820811],[-122.20558,37.820845],[-122.205638,37.820912],[-122.20568,37.820968],[-122.205758,37.821069],[-122.205802,37.821127],[-122.205861,37.821198],[-122.205889,37.821232],[-122.205926,37.821277],[-122.205978,37.821338],[-122.206052,37.821421],[-122.206101,37.821474],[-122.206257,37.821625],[-122.206413,37.821773],[-122.206584,37.822141],[-122.206763,37.822283],[-122.20693,37.822416],[-122.206951,37.822349],[-122.20702,37.822127],[-122.206921,37.822044],[-122.206854,37.821988],[-122.206913,37.821946],[-122.206978,37.821899],[-122.207029,37.82186],[-122.207085,37.821815],[-122.207141,37.821769],[-122.207185,37.821729],[-122.207236,37.821685],[-122.207291,37.821634],[-122.207342,37.821583],[-122.207404,37.821517],[-122.207434,37.821482],[-122.20747,37.821439],[-122.207503,37.821395],[-122.207539,37.821353],[-122.207574,37.821312],[-122.20761,37.821264],[-122.207638,37.821223],[-122.207666,37.821181],[-122.207693,37.821136],[-122.20772,37.82109],[-122.207743,37.821043],[-122.207857,37.820846],[-122.208089,37.820448],[-122.208118,37.820395],[-122.208142,37.820352],[-122.208173,37.820305],[-122.208203,37.820259],[-122.208234,37.820214],[-122.20826,37.820179],[-122.208425,37.819986],[-122.208498,37.819909],[-122.20866,37.819739],[-122.208763,37.819642],[-122.20884,37.819579],[-122.208891,37.819538],[-122.20902,37.819443],[-122.20908,37.8194],[-122.209233,37.819294],[-122.209338,37.819221],[-122.209528,37.819087],[-122.209586,37.819047],[-122.209628,37.819018],[-122.209666,37.818992],[-122.209723,37.818953],[-122.209723,37.818953],[-122.209782,37.818998],[-122.209793,37.819006],[-122.2098,37.819011],[-122.210567,37.819542],[-122.210642,37.819542],[-122.21074,37.819542],[-122.2108,37.819543],[-122.210898,37.81954],[-122.210958,37.819509],[-122.211076,37.819489],[-122.211131,37.819461],[-122.211151,37.81945],[-122.211218,37.819417],[-122.211295,37.81945],[-122.211503,37.819446],[-122.211565,37.819484],[-122.211572,37.819489],[-122.211622,37.819519],[-122.211733,37.819589],[-122.211816,37.819639],[-122.212164,37.819854],[-122.21224,37.819887],[-122.212258,37.819883],[-122.212326,37.819867],[-122.212507,37.819803],[-122.212588,37.819775],[-122.212617,37.819772],[-122.212662,37.819767],[-122.212693,37.819776],[-122.212732,37.819787],[-122.212745,37.819799],[-122.212783,37.819837],[-122.212837,37.820038],[-122.21285,37.820084],[-122.212854,37.820095],[-122.212867,37.820107],[-122.21289,37.820126],[-122.212914,37.820145],[-122.212921,37.820146],[-122.212987,37.820158],[-122.213038,37.820166],[-122.213104,37.820181],[-122.213117,37.820185],[-122.213168,37.820202],[-122.213211,37.820217],[-122.213234,37.820225],[-122.213316,37.820241],[-122.213321,37.820242],[-122.213369,37.820243],[-122.213401,37.820243],[-122.213423,37.820239],[-122.213491,37.820227],[-122.213512,37.820223],[-122.213556,37.820216],[-122.213596,37.820211],[-122.21362,37.820213],[-122.213649,37.820216],[-122.21369,37.820221],[-122.213697,37.820222],[-122.213754,37.820238],[-122.213812,37.820271],[-122.213819,37.820275],[-122.213874,37.820313],[-122.21388,37.820318],[-122.213916,37.820349],[-122.213951,37.820387],[-122.214002,37.820466],[-122.21402,37.820524],[-122.214019,37.820531],[-122.21401,37.820577],[-122.214009,37.820583],[-122.213997,37.820644],[-122.213996,37.820657],[-122.213999,37.820705],[-122.214012,37.820746],[-122.214017,37.820756],[-122.214036,37.820788],[-122.214105,37.820854],[-122.214164,37.820886],[-122.214179,37.820893],[-122.214294,37.820927],[-122.214309,37.820939],[-122.214359,37.820977],[-122.214365,37.820985],[-122.21437,37.820991],[-122.214404,37.821039],[-122.214418,37.821086],[-122.214418,37.82109],[-122.214418,37.821146],[-122.214417,37.821152],[-122.214413,37.821203],[-122.214413,37.821209],[-122.214499,37.821208],[-122.214569,37.821204],[-122.214621,37.821201],[-122.214634,37.8212],[-122.214764,37.821193],[-122.214902,37.821185],[-122.215172,37.821332],[-122.215561,37.821615],[-122.215619,37.82166],[-122.215691,37.82164],[-122.21571,37.821634],[-122.215781,37.821611],[-122.215988,37.822014],[-122.216014,37.822082],[-122.216015,37.822086],[-122.216047,37.822168],[-122.216142,37.822358],[-122.21615,37.822374],[-122.216184,37.822414],[-122.216192,37.822425],[-122.216251,37.822465],[-122.216324,37.82249],[-122.216329,37.822492],[-122.216409,37.822512],[-122.216465,37.822516],[-122.216627,37.82253],[-122.216735,37.822596],[-122.216855,37.822656],[-122.217055,37.822768],[-122.21714,37.822844],[-122.217187,37.822924],[-122.217203,37.822966],[-122.217214,37.823011],[-122.217236,37.823134],[-122.217146,37.823216],[-122.217738,37.823227],[-122.218082,37.823464],[-122.218169,37.823523],[-122.21828,37.8236],[-122.2185,37.823752],[-122.218543,37.823781],[-122.218612,37.823829],[-122.219645,37.82454],[-122.219834,37.824741],[-122.219871,37.824782],[-122.220102,37.825028],[-122.220257,37.825098],[-122.220266,37.825102],[-122.220314,37.825123],[-122.22034,37.825135],[-122.220363,37.825146],[-122.220406,37.825165],[-122.220438,37.825197],[-122.220446,37.825205],[-122.220505,37.825267],[-122.220557,37.825322],[-122.22086,37.825639],[-122.220953,37.825736],[-122.221209,37.825818],[-122.22211,37.826906],[-122.222163,37.827175],[-122.222227,37.827225],[-122.222275,37.827267],[-122.222277,37.82727],[-122.222311,37.827352],[-122.222335,37.82741],[-122.222343,37.827431],[-122.222364,37.827483],[-122.222378,37.827565],[-122.222374,37.827609],[-122.222368,37.827651],[-122.222359,37.827693],[-122.222349,37.827736],[-122.22233,37.827796],[-122.222328,37.827801],[-122.222301,37.827857],[-122.222275,37.827908],[-122.222271,37.827915],[-122.222255,37.827952],[-122.222251,37.82796],[-122.222233,37.828009],[-122.222224,37.828033],[-122.222218,37.828054],[-122.222211,37.828077],[-122.222207,37.828093],[-122.222206,37.828099],[-122.222205,37.828107],[-122.222204,37.828142],[-122.222205,37.828153],[-122.222211,37.828196],[-122.222214,37.828203],[-122.222231,37.828248],[-122.222233,37.828252],[-122.222264,37.828304],[-122.222268,37.828309],[-122.22232,37.828366],[-122.222389,37.828418],[-122.222494,37.8285],[-122.222539,37.828555],[-122.222577,37.828653],[-122.222588,37.828683],[-122.222592,37.828694],[-122.222617,37.82876],[-122.222637,37.828803],[-122.222641,37.828809],[-122.222671,37.828843],[-122.222675,37.828846],[-122.22268,37.828851],[-122.222706,37.828869],[-122.22273,37.828886],[-122.222804,37.828918],[-122.222812,37.828921],[-122.222824,37.828926],[-122.222944,37.828972],[-122.222995,37.828991],[-122.223014,37.828999],[-122.223042,37.829009],[-122.223051,37.829013],[-122.223103,37.829033],[-122.223122,37.82904],[-122.223148,37.829052],[-122.223207,37.829079],[-122.223222,37.829087],[-122.223249,37.829101],[-122.223291,37.829125],[-122.223341,37.829158],[-122.223387,37.829188],[-122.223437,37.829222],[-122.223442,37.829225],[-122.2235,37.82927],[-122.223509,37.829277],[-122.223566,37.829327],[-122.223574,37.829336],[-122.223612,37.829374],[-122.223659,37.829414],[-122.223667,37.829421],[-122.223748,37.829428],[-122.223836,37.829407],[-122.224082,37.829346],[-122.224091,37.829343],[-122.224298,37.829229],[-122.224545,37.829619],[-122.22449,37.829642],[-122.224443,37.829662],[-122.224654,37.829892],[-122.22472,37.829932],[-122.224932,37.830055],[-122.224932,37.830055],[-122.224882,37.830073],[-122.224837,37.830089],[-122.224741,37.830126],[-122.2246,37.83018],[-122.224439,37.830244],[-122.22436,37.830275],[-122.224295,37.830298],[-122.224208,37.830325],[-122.224146,37.830341],[-122.224028,37.83035],[-122.223927,37.830355],[-122.223827,37.830357],[-122.223731,37.830357],[-122.223439,37.830372],[-122.223373,37.830377],[-122.223292,37.830386],[-122.223244,37.830394],[-122.223194,37.830403],[-122.223126,37.830419],[-122.223051,37.830444],[-122.222979,37.830476],[-122.222926,37.830507],[-122.222869,37.830549],[-122.222811,37.830599],[-122.222762,37.830646],[-122.222729,37.830685],[-122.22269,37.830731],[-122.222602,37.830857],[-122.222575,37.830894],[-122.222528,37.830959],[-122.222458,37.831054],[-122.222375,37.831161],[-122.222276,37.831317],[-122.222255,37.831363],[-122.222235,37.831422],[-122.222227,37.831467],[-122.222226,37.831508],[-122.222229,37.831547],[-122.222234,37.831611],[-122.222241,37.831673],[-122.222248,37.831734],[-122.222253,37.831796],[-122.222253,37.831847],[-122.222227,37.831931],[-122.222195,37.832001],[-122.222175,37.832043],[-122.222144,37.832104],[-122.222123,37.832146],[-122.222101,37.832188],[-122.22208,37.832223],[-122.22205,37.832268],[-122.222019,37.832306],[-122.221988,37.832345],[-122.221955,37.83238],[-122.22192,37.832415],[-122.221868,37.832459],[-122.221822,37.832492],[-122.221782,37.832517],[-122.22172,37.832547],[-122.221655,37.832574],[-122.221596,37.832591],[-122.221515,37.832608],[-122.221431,37.832618],[-122.221321,37.83263],[-122.221158,37.832649],[-122.220985,37.832666],[-122.220926,37.832671],[-122.220463,37.832719],[-122.22021,37.832746],[-122.219954,37.832773],[-122.2197,37.8328],[-122.219444,37.832829],[-122.21932,37.832842],[-122.219196,37.832855],[-122.219073,37.832868],[-122.218949,37.83288],[-122.21888,37.832887],[-122.218824,37.832892],[-122.218634,37.832918],[-122.218505,37.832895],[-122.218396,37.832884],[-122.218346,37.832881],[-122.218296,37.832876],[-122.218245,37.83287],[-122.218171,37.832856],[-122.218101,37.832837],[-122.217979,37.832796],[-122.217771,37.832725],[-122.217566,37.832653],[-122.217465,37.832617],[-122.217326,37.832573],[-122.217115,37.832506],[-122.216823,37.832408],[-122.216699,37.832367],[-122.216429,37.832282],[-122.216327,37.83225],[-122.216206,37.832211],[-122.215925,37.832129],[-122.215619,37.832033],[-122.215536,37.83198],[-122.215467,37.831926],[-122.215419,37.83188],[-122.215362,37.83182],[-122.215324,37.831772],[-122.215279,37.831704],[-122.215244,37.831635],[-122.215059,37.831894],[-122.214943,37.832098],[-122.214916,37.832144],[-122.214828,37.832299],[-122.2147,37.832523],[-122.214524,37.832786],[-122.214404,37.832901],[-122.214308,37.832987],[-122.214236,37.833052],[-122.214115,37.83316],[-122.213976,37.833281],[-122.213804,37.833417],[-122.213595,37.833569],[-122.213456,37.833668],[-122.213329,37.833755],[-122.213234,37.833814],[-122.213192,37.833841],[-122.213042,37.833934],[-122.21288,37.834034],[-122.212789,37.834089],[-122.212651,37.834173],[-122.21261,37.834197],[-122.212567,37.834225],[-122.212525,37.834254],[-122.212484,37.834284],[-122.212434,37.834324],[-122.212368,37.834381],[-122.212311,37.834438],[-122.212263,37.834492],[-122.212216,37.834557],[-122.212177,37.834625],[-122.212152,37.834678],[-122.212025,37.835013],[-122.211929,37.835295],[-122.211875,37.835446],[-122.211854,37.835505],[-122.211816,37.835616],[-122.21177,37.835748],[-122.21168,37.836001],[-122.211566,37.836325],[-122.21154,37.836405],[-122.211512,37.836494],[-122.211424,37.836732],[-122.211391,37.836816],[-122.211347,37.836933],[-122.211243,37.837214],[-122.211166,37.837417],[-122.2111,37.837589],[-122.21106,37.837693],[-122.211032,37.837763],[-122.210912,37.838074],[-122.210896,37.838119],[-122.210836,37.838277],[-122.21079,37.838398],[-122.210761,37.838477],[-122.210687,37.838675],[-122.210671,37.83872],[-122.210614,37.838874],[-122.210595,37.838932],[-122.210571,37.838993],[-122.210531,37.839092],[-122.21051,37.839139],[-122.210488,37.839189],[-122.210471,37.839226],[-122.210449,37.839269],[-122.210379,37.839375],[-122.210351,37.839415],[-122.210306,37.839481],[-122.210251,37.83956],[-122.210197,37.839637],[-122.210126,37.839739],[-122.210086,37.839799],[-122.210059,37.83984],[-122.210008,37.839919],[-122.209949,37.84001],[-122.209926,37.840045],[-122.209884,37.840106],[-122.209818,37.840201],[-122.209742,37.840313],[-122.209683,37.840399],[-122.209622,37.840487],[-122.209548,37.840597],[-122.209517,37.840657],[-122.209496,37.840703],[-122.209482,37.840749],[-122.20945,37.840872],[-122.209424,37.840981],[-122.209396,37.8411],[-122.209374,37.841202],[-122.209355,37.841271],[-122.209329,37.84133],[-122.209294,37.841386],[-122.209244,37.841446],[-122.209199,37.841488],[-122.209157,37.841518],[-122.20909,37.84156],[-122.20901,37.841602],[-122.208918,37.841641],[-122.208856,37.841667],[-122.208805,37.841686],[-122.208753,37.841703],[-122.208677,37.841724],[-122.208677,37.841724],[-122.208601,37.841742],[-122.20855,37.841752],[-122.208479,37.841763],[-122.208418,37.841773],[-122.208326,37.841786],[-122.20825,37.841796],[-122.208184,37.841804],[-122.208084,37.841814],[-122.208002,37.841819],[-122.207937,37.841822],[-122.207857,37.841823],[-122.207791,37.841824],[-122.207698,37.841822],[-122.207624,37.841821],[-122.20754,37.841818],[-122.207478,37.841816],[-122.207401,37.841811],[-122.20733,37.841805],[-122.207256,37.841798],[-122.207168,37.841789],[-122.20711,37.841783],[-122.206974,37.841775],[-122.206879,37.841775],[-122.206785,37.841782],[-122.206691,37.841795],[-122.206614,37.841812],[-122.206528,37.841836],[-122.206433,37.841864],[-122.206338,37.841893],[-122.206246,37.841923],[-122.205737,37.842083],[-122.205663,37.842108],[-122.205573,37.842138],[-122.205468,37.842177],[-122.205398,37.842204],[-122.205311,37.842238],[-122.205199,37.842284],[-122.205131,37.842309],[-122.205084,37.842325],[-122.205006,37.842347],[-122.204942,37.842363],[-122.204746,37.842407],[-122.204695,37.842423],[-122.204641,37.842448],[-122.204587,37.842485],[-122.204521,37.842541],[-122.204484,37.842578],[-122.204448,37.842615],[-122.204395,37.842674],[-122.204344,37.842724],[-122.204309,37.842752],[-122.204221,37.84281],[-122.204137,37.842862],[-122.204092,37.842884],[-122.204034,37.842906],[-122.203969,37.84292],[-122.203908,37.842913],[-122.203882,37.842962],[-122.203847,37.843008],[-122.203787,37.843057],[-122.203738,37.843086],[-122.203667,37.843122],[-122.203559,37.843164],[-122.203471,37.843187],[-122.203377,37.843212],[-122.203283,37.843234],[-122.203199,37.843253],[-122.203111,37.843271],[-122.203037,37.843288],[-122.202966,37.843305],[-122.202887,37.843322],[-122.20282,37.843337],[-122.202739,37.843359],[-122.202651,37.843384],[-122.20256,37.843412],[-122.202498,37.843431],[-122.202444,37.843445],[-122.202362,37.843461],[-122.202268,37.84348],[-122.202161,37.843486],[-122.202067,37.843477],[-122.201963,37.843459],[-122.201904,37.843443],[-122.201847,37.843423],[-122.201798,37.843404],[-122.201751,37.843389],[-122.201687,37.843378],[-122.20159,37.843363],[-122.201527,37.843346],[-122.201474,37.843324],[-122.201413,37.843296],[-122.201324,37.843256],[-122.201278,37.843238],[-122.201223,37.843222],[-122.201158,37.843212],[-122.201066,37.843205]]]]}},{"type":"Feature","properties":{"nhood":"14X"},"geometry":{"type":"MultiPolygon","coordinates":[[[[-122.262374,37.810923],[-122.26215,37.811468],[-122.261565,37.812719],[-122.261519,37.812813],[-122.261127,37.813245],[-122.260696,37.813728],[-122.260132,37.814357],[-122.260031,37.814456],[-122.259982,37.814499],[-122.259932,37.814542],[-122.259881,37.814583],[-122.259829,37.814622],[-122.259774,37.814661],[-122.259718,37.814697],[-122.25966,37.814733],[-122.2596,37.814766],[-122.259551,37.814791],[-122.259503,37.814817],[-122.259455,37.814843],[-122.259409,37.814872],[-122.259363,37.8149],[-122.259318,37.814931],[-122.259276,37.814962],[-122.259208,37.815017],[-122.259208,37.815017],[-122.259203,37.815021],[-122.259155,37.815063],[-122.259098,37.815128],[-122.258895,37.815114],[-122.258818,37.815127],[-122.25874,37.815141],[-122.258662,37.815157],[-122.258585,37.815173],[-122.258507,37.815191],[-122.258432,37.81521],[-122.258382,37.815219],[-122.258333,37.815226],[-122.258283,37.815232],[-122.258233,37.815237],[-122.258181,37.81524],[-122.258131,37.815242],[-122.258081,37.815242],[-122.258031,37.815241],[-122.257976,37.815246],[-122.257922,37.815253],[-122.257869,37.815261],[-122.257815,37.815272],[-122.257762,37.815285],[-122.25771,37.815299],[-122.25766,37.815315],[-122.257611,37.815333],[-122.257552,37.815358],[-122.257478,37.815395],[-122.257407,37.815437],[-122.257342,37.815484],[-122.257284,37.815536],[-122.257225,37.815597],[-122.257187,37.815637],[-122.257155,37.815668],[-122.257121,37.815698],[-122.257085,37.815726],[-122.257049,37.815753],[-122.25701,37.815779],[-122.256971,37.815803],[-122.25693,37.815826],[-122.256887,37.815848],[-122.256842,37.815868],[-122.256798,37.815886],[-122.256753,37.815903],[-122.256033,37.816342],[-122.255777,37.816483],[-122.254873,37.817002],[-122.253793,37.81768],[-122.2534,37.817959],[-122.253796,37.818299],[-122.254166,37.818642],[-122.254012,37.81875],[-122.253841,37.818872],[-122.253667,37.818994],[-122.25356,37.818915],[-122.253437,37.818812],[-122.253319,37.818709],[-122.253227,37.818626],[-122.25318,37.818583],[-122.253123,37.818531],[-122.253018,37.818436],[-122.252917,37.81834],[-122.252834,37.818262],[-122.252784,37.818213],[-122.252753,37.818183],[-122.252674,37.818102],[-122.252598,37.818021],[-122.252553,37.81797],[-122.252523,37.817937],[-122.252496,37.817905],[-122.25245,37.817853],[-122.252381,37.817768],[-122.252311,37.817681],[-122.252254,37.817604],[-122.252197,37.817527],[-122.252133,37.817437],[-122.252088,37.81737],[-122.252044,37.817304],[-122.252019,37.817266],[-122.251985,37.817211],[-122.251933,37.817127],[-122.251888,37.81705],[-122.251839,37.816978],[-122.251816,37.816943],[-122.251784,37.816893],[-122.251748,37.816834],[-122.251711,37.816771],[-122.251673,37.816704],[-122.251623,37.816612],[-122.251585,37.816537],[-122.251556,37.816477],[-122.251497,37.816348],[-122.251466,37.816274],[-122.25145,37.816234],[-122.251402,37.81612],[-122.251359,37.816005],[-122.251317,37.815889],[-122.2513,37.815838],[-122.251278,37.815773],[-122.251247,37.815658],[-122.251107,37.815131],[-122.251096,37.815091],[-122.251002,37.814732],[-122.250949,37.814529],[-122.25089,37.814321],[-122.25083,37.814112],[-122.25077,37.813904],[-122.250661,37.813551],[-122.250589,37.813305],[-122.250557,37.813199],[-122.250459,37.812844],[-122.250402,37.812628],[-122.250366,37.812489],[-122.250337,37.812404],[-122.250299,37.812302],[-122.250262,37.812209],[-122.250224,37.812117],[-122.250182,37.812026],[-122.250136,37.811935],[-122.250089,37.811845],[-122.250069,37.81181],[-122.250029,37.811741],[-122.249996,37.811691],[-122.249951,37.811628],[-122.249904,37.811565],[-122.249856,37.811503],[-122.249806,37.811442],[-122.249755,37.811381],[-122.2497,37.811322],[-122.249645,37.811264],[-122.249588,37.811206],[-122.249528,37.81115],[-122.249467,37.811096],[-122.249415,37.81105],[-122.249337,37.810984],[-122.249273,37.810933],[-122.249205,37.81088],[-122.24913,37.810826],[-122.249056,37.810775],[-122.248978,37.810724],[-122.248888,37.810667],[-122.248848,37.810643],[-122.248789,37.810609],[-122.2487,37.810561],[-122.248634,37.810525],[-122.248535,37.810476],[-122.248466,37.810444],[-122.248383,37.810408],[-122.248299,37.810372],[-122.248197,37.810332],[-122.248125,37.810305],[-122.248076,37.810288],[-122.248021,37.81027],[-122.247947,37.810245],[-122.247856,37.810218],[-122.247765,37.810193],[-122.24706,37.81],[-122.246762,37.809918],[-122.246558,37.809861],[-122.24646,37.809834],[-122.246644,37.809695],[-122.246884,37.809513],[-122.247046,37.809418],[-122.247176,37.809344],[-122.247324,37.809262],[-122.247473,37.809183],[-122.247625,37.809104],[-122.24772,37.809057],[-122.247778,37.809028],[-122.247932,37.808953],[-122.248086,37.80888],[-122.248243,37.808808],[-122.248401,37.808738],[-122.24856,37.80867],[-122.24872,37.808604],[-122.24878,37.80857],[-122.248854,37.808521],[-122.248924,37.808469],[-122.248974,37.808426],[-122.24902,37.808382],[-122.249063,37.808336],[-122.249824,37.807893],[-122.249812,37.808067],[-122.249703,37.808159],[-122.249707,37.808317],[-122.249866,37.808446],[-122.249942,37.808532],[-122.250131,37.808557],[-122.250168,37.808511],[-122.250317,37.808417],[-122.250434,37.808335],[-122.250661,37.808208],[-122.250761,37.808148],[-122.250926,37.808116],[-122.25122,37.808105],[-122.251395,37.808102],[-122.251459,37.808067],[-122.251621,37.807953],[-122.251737,37.807805],[-122.251917,37.807642],[-122.252153,37.807478],[-122.252678,37.807134],[-122.253013,37.806896],[-122.253196,37.806885],[-122.253613,37.806974],[-122.254147,37.807003],[-122.254671,37.807017],[-122.254811,37.807028],[-122.254976,37.807041],[-122.255343,37.807021],[-122.255564,37.806954],[-122.255672,37.806922],[-122.255926,37.806772],[-122.25606,37.806595],[-122.256094,37.806492],[-122.256126,37.806309],[-122.256299,37.806219],[-122.256329,37.805941],[-122.256266,37.805584],[-122.256281,37.805431],[-122.256451,37.805246],[-122.256824,37.80508],[-122.257106,37.804944],[-122.257425,37.804815],[-122.257974,37.804676],[-122.258221,37.804643],[-122.258578,37.804565],[-122.25892,37.80464],[-122.259199,37.804767],[-122.259465,37.805128],[-122.25947,37.80534],[-122.259594,37.805528],[-122.259745,37.805686],[-122.259962,37.805894],[-122.260084,37.806009],[-122.260283,37.806233],[-122.260353,37.806487],[-122.260448,37.806631],[-122.260551,37.806688],[-122.260763,37.806722],[-122.260877,37.80672],[-122.26103,37.806718],[-122.261225,37.80681],[-122.261341,37.807041],[-122.261472,37.807499],[-122.261499,37.807857],[-122.261422,37.80812],[-122.261369,37.808588],[-122.261342,37.809027],[-122.261321,37.809113],[-122.261275,37.809298],[-122.26119,37.809591],[-122.261151,37.809891],[-122.261176,37.810146],[-122.261225,37.810276],[-122.261329,37.810384],[-122.261469,37.810477],[-122.261588,37.810549],[-122.261589,37.810549],[-122.261612,37.810686],[-122.26155,37.810791],[-122.262374,37.810923]]]]}},{"type":"Feature","properties":{"nhood":"14Y"},"geometry":{"type":"MultiPolygon","coordinates":[[[[-122.243489,37.81879],[-122.243355,37.818746],[-122.242736,37.818867],[-122.240354,37.818902],[-122.239391,37.818121],[-122.239294,37.817839],[-122.238944,37.817732],[-122.23862,37.817654],[-122.237787,37.817454],[-122.237586,37.817406],[-122.236294,37.817094],[-122.235952,37.81711],[-122.235212,37.816942],[-122.23482,37.816974],[-122.234038,37.817003],[-122.233606,37.817001],[-122.233318,37.816827],[-122.233135,37.816696],[-122.232168,37.816192],[-122.232391,37.816113],[-122.23245,37.816094],[-122.232532,37.816066],[-122.232671,37.81602],[-122.232791,37.815982],[-122.232852,37.816046],[-122.232934,37.816095],[-122.233006,37.816109],[-122.233071,37.816118],[-122.233145,37.816128],[-122.233217,37.816136],[-122.233302,37.816142],[-122.233376,37.816143],[-122.233462,37.81614],[-122.233515,37.816135],[-122.233567,37.816128],[-122.23364,37.816116],[-122.234102,37.816055],[-122.234168,37.816046],[-122.234233,37.81604],[-122.234299,37.816037],[-122.234365,37.816035],[-122.234498,37.816039],[-122.234562,37.816043],[-122.234628,37.81605],[-122.234744,37.816061],[-122.234798,37.816066],[-122.234857,37.816071],[-122.234926,37.816074],[-122.234992,37.816075],[-122.235056,37.816074],[-122.23512,37.816071],[-122.235184,37.816066],[-122.235248,37.81606],[-122.236514,37.815922],[-122.236605,37.815909],[-122.236697,37.815894],[-122.236798,37.815875],[-122.236874,37.815859],[-122.236964,37.815838],[-122.237053,37.815822],[-122.237109,37.815813],[-122.23716,37.815804],[-122.237214,37.815795],[-122.237409,37.815761],[-122.23752,37.815655],[-122.23761,37.815571],[-122.237669,37.815514],[-122.237729,37.815456],[-122.237861,37.815327],[-122.237927,37.815264],[-122.238082,37.815099],[-122.238277,37.814929],[-122.238598,37.814595],[-122.238659,37.814534],[-122.238722,37.814475],[-122.238786,37.814417],[-122.238853,37.814359],[-122.23892,37.814303],[-122.23899,37.814248],[-122.239063,37.814186],[-122.239136,37.814125],[-122.239225,37.814055],[-122.239289,37.814006],[-122.239367,37.813948],[-122.239448,37.813892],[-122.239529,37.813836],[-122.239611,37.813782],[-122.239695,37.81373],[-122.23978,37.813678],[-122.239867,37.813627],[-122.239954,37.813579],[-122.240106,37.813473],[-122.240258,37.813368],[-122.240411,37.813263],[-122.240566,37.813158],[-122.240643,37.8131],[-122.24069,37.813065],[-122.24075,37.813016],[-122.240809,37.812967],[-122.240867,37.812917],[-122.240924,37.812866],[-122.240969,37.812823],[-122.241045,37.812748],[-122.242173,37.811569],[-122.242229,37.811521],[-122.242272,37.811491],[-122.242352,37.811439],[-122.242432,37.811389],[-122.242514,37.811341],[-122.242598,37.811294],[-122.242683,37.81125],[-122.242771,37.811206],[-122.242858,37.811165],[-122.242949,37.811125],[-122.24304,37.811087],[-122.243131,37.811051],[-122.243225,37.811018],[-122.246215,37.81006],[-122.246333,37.809931],[-122.24646,37.809834],[-122.246558,37.809861],[-122.246762,37.809918],[-122.24706,37.81],[-122.247765,37.810193],[-122.247856,37.810218],[-122.247947,37.810245],[-122.248021,37.81027],[-122.248076,37.810288],[-122.248125,37.810305],[-122.248197,37.810332],[-122.248299,37.810372],[-122.248383,37.810408],[-122.248466,37.810444],[-122.248535,37.810476],[-122.248634,37.810525],[-122.2487,37.810561],[-122.248789,37.810609],[-122.248848,37.810643],[-122.248888,37.810667],[-122.248978,37.810724],[-122.249056,37.810775],[-122.24913,37.810826],[-122.249205,37.81088],[-122.249273,37.810933],[-122.249337,37.810984],[-122.249415,37.81105],[-122.249467,37.811096],[-122.249528,37.81115],[-122.249588,37.811206],[-122.249645,37.811264],[-122.2497,37.811322],[-122.249755,37.811381],[-122.249806,37.811442],[-122.249856,37.811503],[-122.249904,37.811565],[-122.249951,37.811628],[-122.249996,37.811691],[-122.250029,37.811741],[-122.250069,37.81181],[-122.250089,37.811845],[-122.250136,37.811935],[-122.250182,37.812026],[-122.250224,37.812117],[-122.250262,37.812209],[-122.250299,37.812302],[-122.250337,37.812404],[-122.250366,37.812489],[-122.250402,37.812628],[-122.250459,37.812844],[-122.250557,37.813199],[-122.250589,37.813305],[-122.250661,37.813551],[-122.25077,37.813904],[-122.25083,37.814112],[-122.25089,37.814321],[-122.250949,37.814529],[-122.251002,37.814732],[-122.251096,37.815091],[-122.251107,37.815131],[-122.251247,37.815658],[-122.251278,37.815773],[-122.2513,37.815838],[-122.251317,37.815889],[-122.251359,37.816005],[-122.251402,37.81612],[-122.25145,37.816234],[-122.251466,37.816274],[-122.251497,37.816348],[-122.251556,37.816477],[-122.251585,37.816537],[-122.251623,37.816612],[-122.251673,37.816704],[-122.251711,37.816771],[-122.251748,37.816834],[-122.251784,37.816893],[-122.251816,37.816943],[-122.251839,37.816978],[-122.251888,37.81705],[-122.251933,37.817127],[-122.251985,37.817211],[-122.252019,37.817266],[-122.252044,37.817304],[-122.252088,37.81737],[-122.252133,37.817437],[-122.252197,37.817527],[-122.252254,37.817604],[-122.252311,37.817681],[-122.252381,37.817768],[-122.25245,37.817853],[-122.252496,37.817905],[-122.252523,37.817937],[-122.252553,37.81797],[-122.252598,37.818021],[-122.252674,37.818102],[-122.252753,37.818183],[-122.252784,37.818213],[-122.252834,37.818262],[-122.252917,37.81834],[-122.253018,37.818436],[-122.253123,37.818531],[-122.25318,37.818583],[-122.253227,37.818626],[-122.253319,37.818709],[-122.253437,37.818812],[-122.25356,37.818915],[-122.253667,37.818994],[-122.253461,37.819138],[-122.252425,37.819855],[-122.251864,37.820234],[-122.251658,37.82033],[-122.251342,37.820399],[-122.250228,37.820752],[-122.249093,37.821078],[-122.248407,37.821278],[-122.247426,37.821575],[-122.247426,37.821575],[-122.247402,37.821537],[-122.247312,37.821391],[-122.245664,37.819805],[-122.245499,37.819646],[-122.24537,37.819522],[-122.245287,37.819455],[-122.245216,37.819428],[-122.245196,37.819386],[-122.245146,37.819337],[-122.245104,37.819296],[-122.244632,37.819121],[-122.244463,37.819044],[-122.244286,37.818964],[-122.244163,37.818908],[-122.24401,37.81889],[-122.243922,37.81888],[-122.243881,37.818875],[-122.243674,37.818851],[-122.243489,37.81879]]]]}},{"type":"Feature","properties":{"nhood":"15X"},"geometry":{"type":"MultiPolygon","coordinates":[[[[-122.255414,37.800398],[-122.255027,37.800474],[-122.254671,37.801049],[-122.254812,37.801495],[-122.254932,37.801994],[-122.254896,37.802288],[-122.254619,37.802534],[-122.254397,37.802687],[-122.254222,37.802783],[-122.253977,37.802955],[-122.253909,37.803153],[-122.253822,37.803388],[-122.253752,37.803542],[-122.253682,37.803689],[-122.253504,37.803925],[-122.253287,37.804089],[-122.253088,37.80423],[-122.252887,37.804306],[-122.252649,37.804361],[-122.252383,37.804394],[-122.252163,37.804412],[-122.251963,37.804532],[-122.251891,37.804584],[-122.251717,37.804601],[-122.25157,37.804611],[-122.251433,37.804656],[-122.251316,37.804768],[-122.251181,37.804886],[-122.251111,37.805033],[-122.251059,37.805173],[-122.251007,37.805327],[-122.250899,37.805423],[-122.250819,37.805527],[-122.250756,37.805608],[-122.250705,37.805769],[-122.250671,37.805909],[-122.25063,37.806092],[-122.25058,37.806326],[-122.250547,37.806455],[-122.250513,37.80659],[-122.250461,37.806736],[-122.250409,37.806869],[-122.250346,37.806957],[-122.250275,37.807068],[-122.250179,37.807266],[-122.250091,37.807443],[-122.250019,37.807524],[-122.249903,37.807635],[-122.249848,37.807719],[-122.249824,37.807893],[-122.249063,37.808336],[-122.24902,37.808382],[-122.248974,37.808426],[-122.248924,37.808469],[-122.248854,37.808521],[-122.24878,37.80857],[-122.24872,37.808604],[-122.24856,37.80867],[-122.248401,37.808738],[-122.248243,37.808808],[-122.248086,37.80888],[-122.247932,37.808953],[-122.247778,37.809028],[-122.24772,37.809057],[-122.247625,37.809104],[-122.247473,37.809183],[-122.247324,37.809262],[-122.247176,37.809344],[-122.247046,37.809418],[-122.246884,37.809513],[-122.246644,37.809695],[-122.24646,37.809834],[-122.246019,37.809713],[-122.24576,37.809641],[-122.244758,37.809364],[-122.243758,37.809084],[-122.243474,37.809006],[-122.243191,37.808926],[-122.242911,37.808843],[-122.24263,37.808757],[-122.242351,37.808669],[-122.242074,37.808579],[-122.24193,37.80853],[-122.241438,37.808354],[-122.241255,37.808284],[-122.241092,37.808219],[-122.240933,37.808154],[-122.240774,37.808087],[-122.240381,37.807919],[-122.239991,37.807746],[-122.239604,37.807569],[-122.239219,37.807388],[-122.238596,37.807096],[-122.237989,37.806818],[-122.23783,37.806771],[-122.237694,37.806728],[-122.23756,37.806684],[-122.237427,37.806638],[-122.237294,37.80659],[-122.237163,37.80654],[-122.237034,37.806489],[-122.236905,37.806436],[-122.236775,37.806382],[-122.236649,37.806325],[-122.236587,37.806299],[-122.235538,37.805858],[-122.235435,37.805814],[-122.235348,37.805767],[-122.235164,37.805664],[-122.234973,37.805557],[-122.234779,37.805451],[-122.234584,37.805346],[-122.234389,37.805242],[-122.234193,37.805138],[-122.233921,37.804986],[-122.23365,37.804837],[-122.233374,37.804688],[-122.233099,37.804542],[-122.233278,37.804407],[-122.233368,37.804339],[-122.233528,37.804219],[-122.233728,37.804067],[-122.233811,37.803996],[-122.234418,37.803518],[-122.234519,37.803452],[-122.234599,37.80341],[-122.234692,37.803381],[-122.234806,37.803356],[-122.234882,37.803345],[-122.235284,37.803296],[-122.235474,37.803273],[-122.236066,37.803205],[-122.236513,37.803157],[-122.23666,37.803141],[-122.237256,37.803088],[-122.237841,37.803019],[-122.237913,37.803008],[-122.237985,37.802993],[-122.238055,37.802975],[-122.238123,37.802953],[-122.23819,37.802928],[-122.238238,37.80291],[-122.238286,37.802894],[-122.238334,37.802878],[-122.238384,37.802864],[-122.238434,37.802851],[-122.238486,37.802839],[-122.238744,37.802787],[-122.23881,37.802784],[-122.239878,37.80257],[-122.24166,37.802369],[-122.241724,37.802361],[-122.241786,37.802353],[-122.24185,37.802347],[-122.241914,37.802342],[-122.242005,37.802333],[-122.242095,37.802321],[-122.242184,37.802307],[-122.242274,37.802292],[-122.242362,37.802274],[-122.24245,37.802255],[-122.242538,37.802235],[-122.242625,37.802212],[-122.242711,37.802188],[-122.242795,37.802162],[-122.242881,37.802134],[-122.242964,37.802105],[-122.243046,37.802073],[-122.243128,37.802041],[-122.243207,37.80201],[-122.243288,37.801981],[-122.24337,37.801955],[-122.243453,37.801929],[-122.243536,37.801906],[-122.24362,37.801885],[-122.243706,37.801866],[-122.24379,37.801849],[-122.243877,37.801834],[-122.243965,37.801821],[-122.24544,37.801629],[-122.245628,37.801596],[-122.245721,37.801577],[-122.245814,37.801556],[-122.245907,37.801533],[-122.246001,37.801509],[-122.246058,37.8015],[-122.246115,37.801486],[-122.246222,37.801452],[-122.246326,37.801418],[-122.246431,37.801383],[-122.246534,37.801346],[-122.246637,37.801308],[-122.24674,37.80127],[-122.246797,37.801249],[-122.246852,37.801227],[-122.246906,37.801204],[-122.246961,37.80118],[-122.247014,37.801156],[-122.247069,37.801131],[-122.247115,37.801108],[-122.247161,37.801084],[-122.247206,37.801059],[-122.24725,37.801033],[-122.247293,37.801005],[-122.247334,37.800977],[-122.247375,37.800947],[-122.247414,37.800917],[-122.247465,37.800876],[-122.247517,37.800837],[-122.247572,37.800799],[-122.247628,37.800763],[-122.247684,37.800727],[-122.247742,37.800692],[-122.247789,37.800659],[-122.24784,37.800628],[-122.247891,37.800598],[-122.247944,37.800571],[-122.248,37.800546],[-122.248062,37.800519],[-122.248107,37.800502],[-122.248153,37.800484],[-122.248199,37.800469],[-122.248246,37.800454],[-122.248292,37.800441],[-122.24834,37.800429],[-122.248389,37.800418],[-122.248531,37.800387],[-122.248676,37.800356],[-122.248819,37.800325],[-122.248964,37.800294],[-122.249153,37.80025],[-122.249199,37.800228],[-122.249247,37.800206],[-122.249295,37.800184],[-122.249343,37.800163],[-122.249393,37.800144],[-122.249443,37.800125],[-122.249513,37.800095],[-122.249583,37.800064],[-122.249652,37.800032],[-122.24972,37.799998],[-122.249787,37.799963],[-122.249853,37.799927],[-122.249918,37.799889],[-122.249981,37.79985],[-122.250074,37.799797],[-122.250633,37.799387],[-122.250989,37.799127],[-122.251639,37.798642],[-122.251904,37.798456],[-122.252211,37.798246],[-122.252832,37.797804],[-122.253665,37.798539],[-122.253746,37.798611],[-122.254192,37.799009],[-122.254242,37.799064],[-122.254279,37.799111],[-122.254391,37.799324],[-122.254998,37.799865],[-122.255141,37.800001],[-122.255414,37.800398]]]]}},{"type":"Feature","properties":{"nhood":"16X"},"geometry":{"type":"MultiPolygon","coordinates":[[[[-122.232168,37.816192],[-122.231671,37.815954],[-122.231476,37.815919],[-122.231467,37.815918],[-122.231391,37.815904],[-122.231241,37.815877],[-122.23123,37.815875],[-122.231228,37.815875],[-122.231179,37.815866],[-122.231178,37.815866],[-122.229108,37.815401],[-122.229093,37.815398],[-122.228963,37.815373],[-122.228551,37.815294],[-122.228438,37.815268],[-122.228299,37.815237],[-122.227853,37.815134],[-122.227366,37.815023],[-122.227143,37.814972],[-122.227052,37.814951],[-122.226773,37.814887],[-122.226365,37.814793],[-122.225218,37.814538],[-122.225157,37.814525],[-122.225111,37.814514],[-122.224667,37.814415],[-122.224458,37.814369],[-122.224343,37.814343],[-122.224175,37.814305],[-122.224044,37.814275],[-122.224037,37.814273],[-122.223979,37.81426],[-122.223584,37.814161],[-122.223373,37.814108],[-122.223356,37.814104],[-122.222651,37.813928],[-122.221216,37.813569],[-122.221157,37.813552],[-122.221089,37.813533],[-122.221088,37.813533],[-122.220622,37.813396],[-122.220687,37.813375],[-122.220738,37.813361],[-122.22079,37.813345],[-122.220842,37.813328],[-122.220893,37.813309],[-122.22096,37.813275],[-122.221026,37.813239],[-122.221091,37.813202],[-122.221156,37.813162],[-122.221219,37.813122],[-122.221279,37.81308],[-122.221339,37.813037],[-122.221398,37.812992],[-122.221442,37.812952],[-122.221485,37.812911],[-122.221525,37.812869],[-122.221564,37.812825],[-122.221599,37.81278],[-122.221633,37.812734],[-122.221665,37.812687],[-122.221695,37.812638],[-122.221713,37.812599],[-122.221729,37.812558],[-122.221744,37.812517],[-122.221761,37.812458],[-122.221772,37.81239],[-122.221776,37.812348],[-122.221779,37.812305],[-122.221778,37.812261],[-122.221778,37.812216],[-122.221781,37.812171],[-122.221787,37.812127],[-122.221793,37.812083],[-122.2218,37.812038],[-122.22181,37.811995],[-122.221821,37.811951],[-122.221834,37.811908],[-122.221848,37.811865],[-122.221871,37.811806],[-122.221896,37.811748],[-122.221922,37.811691],[-122.221952,37.811634],[-122.221983,37.811578],[-122.222018,37.811523],[-122.222055,37.81147],[-122.222094,37.811416],[-122.222134,37.811365],[-122.222178,37.811314],[-122.222224,37.811265],[-122.222273,37.811216],[-122.222354,37.811142],[-122.222437,37.811071],[-122.222524,37.811],[-122.222611,37.81093],[-122.222701,37.810863],[-122.222791,37.810796],[-122.222885,37.810732],[-122.22298,37.810668],[-122.223043,37.81063],[-122.22311,37.810593],[-122.223177,37.810558],[-122.223245,37.810524],[-122.223315,37.810492],[-122.223386,37.810462],[-122.223458,37.810433],[-122.223532,37.810406],[-122.223605,37.810381],[-122.223681,37.810358],[-122.223757,37.810336],[-122.223832,37.810317],[-122.22391,37.810299],[-122.223989,37.810284],[-122.224377,37.810213],[-122.224458,37.810186],[-122.22454,37.810159],[-122.224621,37.810129],[-122.2247,37.810099],[-122.224779,37.810066],[-122.224863,37.810028],[-122.224931,37.809996],[-122.225006,37.809958],[-122.225066,37.809927],[-122.225124,37.809894],[-122.225181,37.80986],[-122.225235,37.809824],[-122.22529,37.809787],[-122.225326,37.809754],[-122.225394,37.80971],[-122.225443,37.809669],[-122.225716,37.809445],[-122.225776,37.809396],[-122.225903,37.809292],[-122.225949,37.809253],[-122.225998,37.809216],[-122.226048,37.809179],[-122.226099,37.809144],[-122.226152,37.809111],[-122.226206,37.809079],[-122.226261,37.809049],[-122.226319,37.80902],[-122.226376,37.808992],[-122.226436,37.808966],[-122.226494,37.80894],[-122.22655,37.808913],[-122.226607,37.808885],[-122.226662,37.808855],[-122.226715,37.808824],[-122.226767,37.808791],[-122.226819,37.808758],[-122.226868,37.808722],[-122.226907,37.80869],[-122.226946,37.808657],[-122.226983,37.808623],[-122.227021,37.808588],[-122.227054,37.808551],[-122.227088,37.808515],[-122.227144,37.808463],[-122.227202,37.808413],[-122.227261,37.808364],[-122.227322,37.808317],[-122.227384,37.808271],[-122.227448,37.808226],[-122.2275,37.808195],[-122.227553,37.808164],[-122.227607,37.808136],[-122.227662,37.808109],[-122.227719,37.808084],[-122.227777,37.80806],[-122.227835,37.808039],[-122.227916,37.808009],[-122.227979,37.807981],[-122.228046,37.807957],[-122.228115,37.807937],[-122.228185,37.807921],[-122.228281,37.807906],[-122.228351,37.8079],[-122.228424,37.807898],[-122.228516,37.807887],[-122.228583,37.807875],[-122.22865,37.807862],[-122.228715,37.807847],[-122.228781,37.807831],[-122.228846,37.807813],[-122.228912,37.807794],[-122.228975,37.807774],[-122.22909,37.807731],[-122.229205,37.807686],[-122.229318,37.807639],[-122.229431,37.80759],[-122.229543,37.807541],[-122.229652,37.807489],[-122.229745,37.807455],[-122.229838,37.807422],[-122.229932,37.807391],[-122.230027,37.807363],[-122.230123,37.807336],[-122.230219,37.807311],[-122.23051,37.807254],[-122.231039,37.807194],[-122.231343,37.807169],[-122.231398,37.807169],[-122.231452,37.807171],[-122.231506,37.807175],[-122.231561,37.807179],[-122.231615,37.807185],[-122.231667,37.807192],[-122.231721,37.8072],[-122.231775,37.80721],[-122.231823,37.807216],[-122.231874,37.80722],[-122.231924,37.807222],[-122.231974,37.807222],[-122.232049,37.807217],[-122.232123,37.807209],[-122.232171,37.807201],[-122.232291,37.807169],[-122.23241,37.807137],[-122.232529,37.807102],[-122.232646,37.807065],[-122.232762,37.807027],[-122.232878,37.806987],[-122.232993,37.806945],[-122.233106,37.806902],[-122.233163,37.806915],[-122.233679,37.807004],[-122.233879,37.807035],[-122.23401,37.807066],[-122.234144,37.807093],[-122.234276,37.807118],[-122.23441,37.807141],[-122.234545,37.807162],[-122.234679,37.807181],[-122.234814,37.807197],[-122.234951,37.807212],[-122.235789,37.807136],[-122.236605,37.80707],[-122.236729,37.807059],[-122.236798,37.807054],[-122.236867,37.80705],[-122.236936,37.80705],[-122.237028,37.807055],[-122.237096,37.807063],[-122.237147,37.807081],[-122.237211,37.80711],[-122.237268,37.807146],[-122.237317,37.807183],[-122.237989,37.806818],[-122.238596,37.807096],[-122.239219,37.807388],[-122.239604,37.807569],[-122.239991,37.807746],[-122.240381,37.807919],[-122.240774,37.808087],[-122.240933,37.808154],[-122.241092,37.808219],[-122.241255,37.808284],[-122.241438,37.808354],[-122.24193,37.80853],[-122.242074,37.808579],[-122.242351,37.808669],[-122.24263,37.808757],[-122.242911,37.808843],[-122.243191,37.808926],[-122.243474,37.809006],[-122.243758,37.809084],[-122.244758,37.809364],[-122.24576,37.809641],[-122.246019,37.809713],[-122.24646,37.809834],[-122.246333,37.809931],[-122.246215,37.81006],[-122.243225,37.811018],[-122.243131,37.811051],[-122.24304,37.811087],[-122.242949,37.811125],[-122.242858,37.811165],[-122.242771,37.811206],[-122.242683,37.81125],[-122.242598,37.811294],[-122.242514,37.811341],[-122.242432,37.811389],[-122.242352,37.811439],[-122.242272,37.811491],[-122.242229,37.811521],[-122.242173,37.811569],[-122.241045,37.812748],[-122.240969,37.812823],[-122.240924,37.812866],[-122.240867,37.812917],[-122.240809,37.812967],[-122.24075,37.813016],[-122.24069,37.813065],[-122.240643,37.8131],[-122.240566,37.813158],[-122.240411,37.813263],[-122.240258,37.813368],[-122.240106,37.813473],[-122.239954,37.813579],[-122.239867,37.813627],[-122.23978,37.813678],[-122.239695,37.81373],[-122.239611,37.813782],[-122.239529,37.813836],[-122.239448,37.813892],[-122.239367,37.813948],[-122.239289,37.814006],[-122.239225,37.814055],[-122.239136,37.814125],[-122.239063,37.814186],[-122.23899,37.814248],[-122.23892,37.814303],[-122.238853,37.814359],[-122.238786,37.814417],[-122.238722,37.814475],[-122.238659,37.814534],[-122.238598,37.814595],[-122.238277,37.814929],[-122.238082,37.815099],[-122.237927,37.815264],[-122.237861,37.815327],[-122.237729,37.815456],[-122.237669,37.815514],[-122.23761,37.815571],[-122.23752,37.815655],[-122.237409,37.815761],[-122.237214,37.815795],[-122.23716,37.815804],[-122.237109,37.815813],[-122.237053,37.815822],[-122.236964,37.815838],[-122.236874,37.815859],[-122.236798,37.815875],[-122.236697,37.815894],[-122.236605,37.815909],[-122.236514,37.815922],[-122.235248,37.81606],[-122.235184,37.816066],[-122.23512,37.816071],[-122.235056,37.816074],[-122.234992,37.816075],[-122.234926,37.816074],[-122.234857,37.816071],[-122.234798,37.816066],[-122.234744,37.816061],[-122.234628,37.81605],[-122.234562,37.816043],[-122.234498,37.816039],[-122.234365,37.816035],[-122.234299,37.816037],[-122.234233,37.81604],[-122.234168,37.816046],[-122.234102,37.816055],[-122.23364,37.816116],[-122.233567,37.816128],[-122.233515,37.816135],[-122.233462,37.81614],[-122.233376,37.816143],[-122.233302,37.816142],[-122.233217,37.816136],[-122.233145,37.816128],[-122.233071,37.816118],[-122.233006,37.816109],[-122.232934,37.816095],[-122.232852,37.816046],[-122.232791,37.815982],[-122.232671,37.81602],[-122.232532,37.816066],[-122.23245,37.816094],[-122.232391,37.816113],[-122.232168,37.816192]]]]}},{"type":"Feature","properties":{"nhood":"16Y"},"geometry":{"type":"MultiPolygon","coordinates":[[[[-122.215497,37.812338],[-122.215118,37.812272],[-122.215097,37.812313],[-122.215073,37.812352],[-122.215048,37.81239],[-122.215021,37.812428],[-122.214991,37.812465],[-122.214964,37.812497],[-122.214929,37.812535],[-122.214879,37.812582],[-122.214796,37.812651],[-122.214743,37.81269],[-122.214743,37.81269],[-122.214526,37.81262],[-122.214309,37.812548],[-122.214219,37.812518],[-122.214093,37.812476],[-122.213877,37.812405],[-122.213809,37.812381],[-122.213742,37.812355],[-122.213677,37.812327],[-122.213958,37.811798],[-122.214259,37.811365],[-122.214285,37.811329],[-122.215245,37.809905],[-122.215394,37.809684],[-122.215789,37.808636],[-122.215835,37.807939],[-122.215872,37.80751],[-122.215913,37.80703],[-122.215835,37.80574],[-122.215936,37.805348],[-122.215957,37.804897],[-122.216301,37.804068],[-122.216354,37.80393],[-122.216482,37.803594],[-122.216505,37.803583],[-122.216639,37.803391],[-122.217003,37.803333],[-122.217246,37.80325],[-122.217231,37.802936],[-122.217127,37.802804],[-122.217228,37.802649],[-122.217179,37.80236],[-122.217483,37.802328],[-122.217643,37.802204],[-122.217605,37.801888],[-122.217678,37.801777],[-122.217621,37.801619],[-122.21777,37.801152],[-122.218409,37.801252],[-122.218452,37.801037],[-122.218568,37.80097],[-122.218372,37.80083],[-122.218375,37.800676],[-122.218417,37.800565],[-122.218439,37.800456],[-122.218389,37.800202],[-122.218361,37.800068],[-122.218353,37.800008],[-122.218173,37.799797],[-122.218012,37.799625],[-122.217896,37.799522],[-122.217958,37.799456],[-122.218119,37.799364],[-122.218213,37.799319],[-122.218197,37.799218],[-122.218179,37.799097],[-122.218212,37.79897],[-122.218242,37.798857],[-122.21838,37.798737],[-122.218542,37.798585],[-122.219176,37.798739],[-122.220222,37.798994],[-122.22071,37.799103],[-122.220772,37.799116],[-122.221015,37.79917],[-122.221142,37.799199],[-122.223873,37.799759],[-122.224289,37.799847],[-122.224247,37.799917],[-122.224184,37.800024],[-122.224512,37.800094],[-122.225142,37.800222],[-122.225217,37.800252],[-122.225353,37.800303],[-122.225503,37.800356],[-122.225643,37.800405],[-122.225782,37.800451],[-122.225924,37.800496],[-122.226067,37.800539],[-122.226208,37.80058],[-122.226352,37.800621],[-122.226481,37.800655],[-122.226641,37.800696],[-122.226819,37.80074],[-122.226997,37.800786],[-122.227174,37.800833],[-122.227352,37.800882],[-122.227434,37.800906],[-122.227516,37.800931],[-122.227598,37.800959],[-122.227676,37.800989],[-122.227757,37.80102],[-122.227834,37.801054],[-122.227974,37.801118],[-122.228114,37.801184],[-122.228254,37.801251],[-122.22839,37.801321],[-122.228527,37.801392],[-122.228664,37.801463],[-122.228655,37.801528],[-122.229168,37.801622],[-122.229215,37.801635],[-122.229262,37.801649],[-122.229329,37.801673],[-122.229394,37.8017],[-122.229438,37.801719],[-122.22948,37.801739],[-122.229522,37.801761],[-122.229563,37.801784],[-122.229601,37.801808],[-122.229656,37.801848],[-122.229709,37.801888],[-122.22976,37.801931],[-122.229809,37.801974],[-122.229859,37.802018],[-122.229905,37.802063],[-122.230475,37.802598],[-122.230538,37.802658],[-122.230785,37.802896],[-122.231285,37.803289],[-122.231549,37.803474],[-122.231858,37.803667],[-122.232401,37.804012],[-122.232443,37.804036],[-122.232484,37.80406],[-122.232524,37.804085],[-122.232563,37.804112],[-122.2326,37.804138],[-122.232637,37.804167],[-122.232672,37.804195],[-122.232707,37.804225],[-122.232939,37.804412],[-122.233099,37.804542],[-122.233374,37.804688],[-122.23365,37.804837],[-122.233921,37.804986],[-122.234193,37.805138],[-122.234389,37.805242],[-122.234584,37.805346],[-122.234779,37.805451],[-122.234973,37.805557],[-122.235164,37.805664],[-122.235348,37.805767],[-122.235435,37.805814],[-122.235538,37.805858],[-122.236587,37.806299],[-122.236649,37.806325],[-122.236775,37.806382],[-122.236905,37.806436],[-122.237034,37.806489],[-122.237163,37.80654],[-122.237294,37.80659],[-122.237427,37.806638],[-122.23756,37.806684],[-122.237694,37.806728],[-122.23783,37.806771],[-122.237989,37.806818],[-122.237317,37.807183],[-122.237268,37.807146],[-122.237211,37.80711],[-122.237147,37.807081],[-122.237096,37.807063],[-122.237028,37.807055],[-122.236936,37.80705],[-122.236867,37.80705],[-122.236798,37.807054],[-122.236729,37.807059],[-122.236605,37.80707],[-122.235789,37.807136],[-122.234951,37.807212],[-122.234814,37.807197],[-122.234679,37.807181],[-122.234545,37.807162],[-122.23441,37.807141],[-122.234276,37.807118],[-122.234144,37.807093],[-122.23401,37.807066],[-122.233879,37.807035],[-122.233679,37.807004],[-122.233163,37.806915],[-122.233106,37.806902],[-122.232993,37.806945],[-122.232878,37.806987],[-122.232762,37.807027],[-122.232646,37.807065],[-122.232529,37.807102],[-122.23241,37.807137],[-122.232291,37.807169],[-122.232171,37.807201],[-122.232123,37.807209],[-122.232049,37.807217],[-122.231974,37.807222],[-122.231924,37.807222],[-122.231874,37.80722],[-122.231823,37.807216],[-122.231775,37.80721],[-122.231721,37.8072],[-122.231667,37.807192],[-122.231615,37.807185],[-122.231561,37.807179],[-122.231506,37.807175],[-122.231452,37.807171],[-122.231398,37.807169],[-122.231343,37.807169],[-122.231039,37.807194],[-122.23051,37.807254],[-122.230219,37.807311],[-122.230123,37.807336],[-122.230027,37.807363],[-122.229932,37.807391],[-122.229838,37.807422],[-122.229745,37.807455],[-122.229652,37.807489],[-122.229543,37.807541],[-122.229431,37.80759],[-122.229318,37.807639],[-122.229205,37.807686],[-122.22909,37.807731],[-122.228975,37.807774],[-122.228912,37.807794],[-122.228846,37.807813],[-122.228781,37.807831],[-122.228715,37.807847],[-122.22865,37.807862],[-122.228583,37.807875],[-122.228516,37.807887],[-122.228424,37.807898],[-122.228351,37.8079],[-122.228281,37.807906],[-122.228185,37.807921],[-122.228115,37.807937],[-122.228046,37.807957],[-122.227979,37.807981],[-122.227916,37.808009],[-122.227835,37.808039],[-122.227777,37.80806],[-122.227719,37.808084],[-122.227662,37.808109],[-122.227607,37.808136],[-122.227553,37.808164],[-122.2275,37.808195],[-122.227448,37.808226],[-122.227384,37.808271],[-122.227322,37.808317],[-122.227261,37.808364],[-122.227202,37.808413],[-122.227144,37.808463],[-122.227088,37.808515],[-122.227054,37.808551],[-122.227021,37.808588],[-122.226983,37.808623],[-122.226946,37.808657],[-122.226907,37.80869],[-122.226868,37.808722],[-122.226819,37.808758],[-122.226767,37.808791],[-122.226715,37.808824],[-122.226662,37.808855],[-122.226607,37.808885],[-122.22655,37.808913],[-122.226494,37.80894],[-122.226436,37.808966],[-122.226376,37.808992],[-122.226319,37.80902],[-122.226261,37.809049],[-122.226206,37.809079],[-122.226152,37.809111],[-122.226099,37.809144],[-122.226048,37.809179],[-122.225998,37.809216],[-122.225949,37.809253],[-122.225903,37.809292],[-122.225776,37.809396],[-122.225716,37.809445],[-122.225443,37.809669],[-122.225394,37.80971],[-122.225326,37.809754],[-122.22529,37.809787],[-122.225235,37.809824],[-122.225181,37.80986],[-122.225124,37.809894],[-122.225066,37.809927],[-122.225006,37.809958],[-122.224931,37.809996],[-122.224863,37.810028],[-122.224779,37.810066],[-122.2247,37.810099],[-122.224621,37.810129],[-122.22454,37.810159],[-122.224458,37.810186],[-122.224377,37.810213],[-122.223989,37.810284],[-122.22391,37.810299],[-122.223832,37.810317],[-122.223757,37.810336],[-122.223681,37.810358],[-122.223605,37.810381],[-122.223532,37.810406],[-122.223458,37.810433],[-122.223386,37.810462],[-122.223315,37.810492],[-122.223245,37.810524],[-122.223177,37.810558],[-122.22311,37.810593],[-122.223043,37.81063],[-122.22298,37.810668],[-122.222885,37.810732],[-122.222791,37.810796],[-122.222701,37.810863],[-122.222611,37.81093],[-122.222524,37.811],[-122.222437,37.811071],[-122.222354,37.811142],[-122.222273,37.811216],[-122.222224,37.811265],[-122.222178,37.811314],[-122.222134,37.811365],[-122.222094,37.811416],[-122.222055,37.81147],[-122.222018,37.811523],[-122.221983,37.811578],[-122.221952,37.811634],[-122.221922,37.811691],[-122.221896,37.811748],[-122.221871,37.811806],[-122.221848,37.811865],[-122.221834,37.811908],[-122.221821,37.811951],[-122.22181,37.811995],[-122.2218,37.812038],[-122.221793,37.812083],[-122.221787,37.812127],[-122.221781,37.812171],[-122.221778,37.812216],[-122.221778,37.812261],[-122.221779,37.812305],[-122.221776,37.812348],[-122.221772,37.81239],[-122.221761,37.812458],[-122.221744,37.812517],[-122.221729,37.812558],[-122.221713,37.812599],[-122.221695,37.812638],[-122.221665,37.812687],[-122.221633,37.812734],[-122.221599,37.81278],[-122.221564,37.812825],[-122.221525,37.812869],[-122.221485,37.812911],[-122.221442,37.812952],[-122.221398,37.812992],[-122.221339,37.813037],[-122.221279,37.81308],[-122.221219,37.813122],[-122.221156,37.813162],[-122.221091,37.813202],[-122.221026,37.813239],[-122.22096,37.813275],[-122.220893,37.813309],[-122.220842,37.813328],[-122.22079,37.813345],[-122.220738,37.813361],[-122.220687,37.813375],[-122.220622,37.813396],[-122.220428,37.813343],[-122.21949,37.813193],[-122.217925,37.81294],[-122.217714,37.812906],[-122.217635,37.812885],[-122.217565,37.812867],[-122.217494,37.812848],[-122.217413,37.812827],[-122.215497,37.812338]]]]}},{"type":"Feature","properties":{"nhood":"17X"},"geometry":{"type":"MultiPolygon","coordinates":[[[[-122.240013,37.79385],[-122.2401,37.793785],[-122.240769,37.79331],[-122.240939,37.79319],[-122.241632,37.792694],[-122.241856,37.792534],[-122.241935,37.792475],[-122.242163,37.792373],[-122.242821,37.791913],[-122.242944,37.791821],[-122.243744,37.791267],[-122.244126,37.790995],[-122.244173,37.791018],[-122.244238,37.791043],[-122.244307,37.79106],[-122.244378,37.79107],[-122.244994,37.791143],[-122.245053,37.791152],[-122.245113,37.791162],[-122.245172,37.791173],[-122.245231,37.791185],[-122.245288,37.791199],[-122.245346,37.791213],[-122.245433,37.791263],[-122.246195,37.791931],[-122.246644,37.792329],[-122.24702,37.792663],[-122.247846,37.793397],[-122.248689,37.79414],[-122.249513,37.794868],[-122.250347,37.795604],[-122.251174,37.796337],[-122.251998,37.79707],[-122.252832,37.797804],[-122.252211,37.798246],[-122.251904,37.798456],[-122.251639,37.798642],[-122.250989,37.799127],[-122.250633,37.799387],[-122.250074,37.799797],[-122.249981,37.79985],[-122.249918,37.799889],[-122.249853,37.799927],[-122.249787,37.799963],[-122.24972,37.799998],[-122.249652,37.800032],[-122.249583,37.800064],[-122.249513,37.800095],[-122.249443,37.800125],[-122.249393,37.800144],[-122.249343,37.800163],[-122.249295,37.800184],[-122.249247,37.800206],[-122.249199,37.800228],[-122.249153,37.80025],[-122.248964,37.800294],[-122.248819,37.800325],[-122.248676,37.800356],[-122.248531,37.800387],[-122.248389,37.800418],[-122.24834,37.800429],[-122.248292,37.800441],[-122.248246,37.800454],[-122.248199,37.800469],[-122.248153,37.800484],[-122.248107,37.800502],[-122.248062,37.800519],[-122.248,37.800546],[-122.247944,37.800571],[-122.247891,37.800598],[-122.24784,37.800628],[-122.247789,37.800659],[-122.247742,37.800692],[-122.247376,37.800365],[-122.246821,37.799872],[-122.245716,37.79889],[-122.245538,37.798733],[-122.244886,37.798159],[-122.244052,37.797429],[-122.243223,37.796694],[-122.242395,37.795956],[-122.241574,37.795228],[-122.240734,37.794489],[-122.240013,37.79385]]]]}},{"type":"Feature","properties":{"nhood":"17Y"},"geometry":{"type":"MultiPolygon","coordinates":[[[[-122.226481,37.800655],[-122.226522,37.800633],[-122.226714,37.800531],[-122.226967,37.800395],[-122.227187,37.800278],[-122.227242,37.800249],[-122.227492,37.800117],[-122.227854,37.799924],[-122.228567,37.799536],[-122.228618,37.799506],[-122.228668,37.799474],[-122.228715,37.799441],[-122.228763,37.799407],[-122.228807,37.799372],[-122.228851,37.799336],[-122.228894,37.799298],[-122.228936,37.79926],[-122.228975,37.79922],[-122.229012,37.79918],[-122.229201,37.798974],[-122.229269,37.798899],[-122.229433,37.798907],[-122.229711,37.798142],[-122.22973,37.798105],[-122.229749,37.798069],[-122.229773,37.798034],[-122.229798,37.797999],[-122.229825,37.797966],[-122.229854,37.797934],[-122.229884,37.797903],[-122.229918,37.797873],[-122.229952,37.797845],[-122.229989,37.797817],[-122.230027,37.797792],[-122.230066,37.797768],[-122.230107,37.797745],[-122.23015,37.797725],[-122.230195,37.797706],[-122.230239,37.797688],[-122.230618,37.797545],[-122.233203,37.796627],[-122.23402,37.796324],[-122.234302,37.796219],[-122.23535,37.795844],[-122.235637,37.795741],[-122.236334,37.79549],[-122.236711,37.795354],[-122.23679,37.795319],[-122.237892,37.794927],[-122.239076,37.794493],[-122.23913,37.79446],[-122.239204,37.794419],[-122.240013,37.79385],[-122.240734,37.794489],[-122.241574,37.795228],[-122.242395,37.795956],[-122.243223,37.796694],[-122.244052,37.797429],[-122.244886,37.798159],[-122.245538,37.798733],[-122.245716,37.79889],[-122.246821,37.799872],[-122.247376,37.800365],[-122.247742,37.800692],[-122.247684,37.800727],[-122.247628,37.800763],[-122.247572,37.800799],[-122.247517,37.800837],[-122.247465,37.800876],[-122.247414,37.800917],[-122.247375,37.800947],[-122.247334,37.800977],[-122.247293,37.801005],[-122.24725,37.801033],[-122.247206,37.801059],[-122.247161,37.801084],[-122.247115,37.801108],[-122.247069,37.801131],[-122.247014,37.801156],[-122.246961,37.80118],[-122.246906,37.801204],[-122.246852,37.801227],[-122.246797,37.801249],[-122.24674,37.80127],[-122.246637,37.801308],[-122.246534,37.801346],[-122.246431,37.801383],[-122.246326,37.801418],[-122.246222,37.801452],[-122.246115,37.801486],[-122.246058,37.8015],[-122.246001,37.801509],[-122.245907,37.801533],[-122.245814,37.801556],[-122.245721,37.801577],[-122.245628,37.801596],[-122.24544,37.801629],[-122.243965,37.801821],[-122.243877,37.801834],[-122.24379,37.801849],[-122.243706,37.801866],[-122.24362,37.801885],[-122.243536,37.801906],[-122.243453,37.801929],[-122.24337,37.801955],[-122.243288,37.801981],[-122.243207,37.80201],[-122.243128,37.802041],[-122.243046,37.802073],[-122.242964,37.802105],[-122.242881,37.802134],[-122.242795,37.802162],[-122.242711,37.802188],[-122.242625,37.802212],[-122.242538,37.802235],[-122.24245,37.802255],[-122.242362,37.802274],[-122.242274,37.802292],[-122.242184,37.802307],[-122.242095,37.802321],[-122.242005,37.802333],[-122.241914,37.802342],[-122.24185,37.802347],[-122.241786,37.802353],[-122.241724,37.802361],[-122.24166,37.802369],[-122.239878,37.80257],[-122.23881,37.802784],[-122.238744,37.802787],[-122.238486,37.802839],[-122.238434,37.802851],[-122.238384,37.802864],[-122.238334,37.802878],[-122.238286,37.802894],[-122.238238,37.80291],[-122.23819,37.802928],[-122.238123,37.802953],[-122.238055,37.802975],[-122.237985,37.802993],[-122.237913,37.803008],[-122.237841,37.803019],[-122.237256,37.803088],[-122.23666,37.803141],[-122.236513,37.803157],[-122.236066,37.803205],[-122.235474,37.803273],[-122.235284,37.803296],[-122.234882,37.803345],[-122.234806,37.803356],[-122.234692,37.803381],[-122.234599,37.80341],[-122.234519,37.803452],[-122.234418,37.803518],[-122.233811,37.803996],[-122.233728,37.804067],[-122.233528,37.804219],[-122.233368,37.804339],[-122.233278,37.804407],[-122.233099,37.804542],[-122.232939,37.804412],[-122.232707,37.804225],[-122.232672,37.804195],[-122.232637,37.804167],[-122.2326,37.804138],[-122.232563,37.804112],[-122.232524,37.804085],[-122.232484,37.80406],[-122.232443,37.804036],[-122.232401,37.804012],[-122.231858,37.803667],[-122.231549,37.803474],[-122.231285,37.803289],[-122.230785,37.802896],[-122.230538,37.802658],[-122.230475,37.802598],[-122.229905,37.802063],[-122.229859,37.802018],[-122.229809,37.801974],[-122.22976,37.801931],[-122.229709,37.801888],[-122.229656,37.801848],[-122.229601,37.801808],[-122.229563,37.801784],[-122.229522,37.801761],[-122.22948,37.801739],[-122.229438,37.801719],[-122.229394,37.8017],[-122.229329,37.801673],[-122.229262,37.801649],[-122.229215,37.801635],[-122.229168,37.801622],[-122.228655,37.801528],[-122.228664,37.801463],[-122.228527,37.801392],[-122.22839,37.801321],[-122.228254,37.801251],[-122.228114,37.801184],[-122.227974,37.801118],[-122.227834,37.801054],[-122.227757,37.80102],[-122.227676,37.800989],[-122.227598,37.800959],[-122.227516,37.800931],[-122.227434,37.800906],[-122.227352,37.800882],[-122.227174,37.800833],[-122.226997,37.800786],[-122.226819,37.80074],[-122.226641,37.800696],[-122.226481,37.800655]]]]}},{"type":"Feature","properties":{"nhood":"18X"},"geometry":{"type":"MultiPolygon","coordinates":[[[[-122.231645,37.788724],[-122.231682,37.788669],[-122.231719,37.788622],[-122.231756,37.788573],[-122.231789,37.788525],[-122.231821,37.788475],[-122.231849,37.788424],[-122.231877,37.788373],[-122.231904,37.788321],[-122.231927,37.788268],[-122.231948,37.788215],[-122.231967,37.788161],[-122.231984,37.788107],[-122.231998,37.788052],[-122.23201,37.787997],[-122.232021,37.787945],[-122.232029,37.787886],[-122.232034,37.787831],[-122.232038,37.787775],[-122.23204,37.787719],[-122.232039,37.787664],[-122.232036,37.787608],[-122.232035,37.787564],[-122.232037,37.78752],[-122.232042,37.787476],[-122.232047,37.787433],[-122.232057,37.78739],[-122.232068,37.787346],[-122.232079,37.787303],[-122.232095,37.787261],[-122.232112,37.787219],[-122.23213,37.787178],[-122.232151,37.787138],[-122.232175,37.787097],[-122.2322,37.787058],[-122.232225,37.78702],[-122.232521,37.78659],[-122.233324,37.785762],[-122.234117,37.785192],[-122.234865,37.785505],[-122.235443,37.785752],[-122.235496,37.785775],[-122.235539,37.785793],[-122.235581,37.785813],[-122.235623,37.785834],[-122.235683,37.785867],[-122.235741,37.785903],[-122.236115,37.786126],[-122.236315,37.786245],[-122.237359,37.786871],[-122.238414,37.787501],[-122.238983,37.787843],[-122.239464,37.788131],[-122.240513,37.788759],[-122.241561,37.789387],[-122.242614,37.790015],[-122.243649,37.790635],[-122.243896,37.790811],[-122.244126,37.790995],[-122.243744,37.791267],[-122.242944,37.791821],[-122.242821,37.791913],[-122.242163,37.792373],[-122.241935,37.792475],[-122.241856,37.792534],[-122.241632,37.792694],[-122.240939,37.79319],[-122.240769,37.79331],[-122.2401,37.793785],[-122.23942,37.793376],[-122.239345,37.793331],[-122.238369,37.792746],[-122.23832,37.792717],[-122.237325,37.79212],[-122.236273,37.791492],[-122.23622,37.791457],[-122.235222,37.79086],[-122.234165,37.79023],[-122.234121,37.790204],[-122.233119,37.789602],[-122.231645,37.788724]]]]}},{"type":"Feature","properties":{"nhood":"18Y"},"geometry":{"type":"MultiPolygon","coordinates":[[[[-122.2401,37.793785],[-122.240013,37.79385],[-122.239204,37.794419],[-122.23913,37.79446],[-122.239076,37.794493],[-122.237892,37.794927],[-122.23679,37.795319],[-122.236711,37.795354],[-122.236334,37.79549],[-122.235637,37.795741],[-122.23535,37.795844],[-122.234302,37.796219],[-122.23402,37.796324],[-122.233203,37.796627],[-122.230618,37.797545],[-122.230239,37.797688],[-122.230195,37.797706],[-122.23015,37.797725],[-122.230107,37.797745],[-122.230066,37.797768],[-122.230027,37.797792],[-122.229989,37.797817],[-122.229952,37.797845],[-122.229918,37.797873],[-122.229884,37.797903],[-122.229854,37.797934],[-122.229825,37.797966],[-122.229798,37.797999],[-122.229773,37.798034],[-122.229749,37.798069],[-122.22973,37.798105],[-122.229711,37.798142],[-122.229433,37.798907],[-122.229269,37.798899],[-122.229201,37.798974],[-122.229012,37.79918],[-122.228975,37.79922],[-122.228936,37.79926],[-122.228894,37.799298],[-122.228851,37.799336],[-122.228807,37.799372],[-122.228763,37.799407],[-122.228715,37.799441],[-122.228668,37.799474],[-122.228618,37.799506],[-122.228567,37.799536],[-122.227854,37.799924],[-122.227492,37.800117],[-122.227242,37.800249],[-122.227187,37.800278],[-122.226967,37.800395],[-122.226714,37.800531],[-122.226522,37.800633],[-122.226481,37.800655],[-122.226352,37.800621],[-122.226208,37.80058],[-122.226067,37.800539],[-122.225924,37.800496],[-122.225782,37.800451],[-122.225643,37.800405],[-122.225503,37.800356],[-122.225353,37.800303],[-122.225217,37.800252],[-122.225142,37.800222],[-122.224512,37.800094],[-122.224184,37.800024],[-122.224247,37.799917],[-122.224289,37.799847],[-122.224325,37.799784],[-122.224402,37.799651],[-122.224454,37.799498],[-122.224505,37.799345],[-122.224555,37.799192],[-122.224602,37.799041],[-122.224696,37.798774],[-122.224756,37.798568],[-122.224804,37.798432],[-122.224823,37.798394],[-122.224844,37.798355],[-122.224866,37.798319],[-122.224891,37.798282],[-122.224916,37.798247],[-122.224945,37.798212],[-122.224975,37.798178],[-122.225007,37.798146],[-122.225039,37.798114],[-122.225075,37.798084],[-122.225117,37.798047],[-122.225158,37.798008],[-122.225197,37.797969],[-122.225234,37.797928],[-122.225269,37.797886],[-122.225303,37.797844],[-122.225335,37.797801],[-122.225374,37.797743],[-122.225402,37.797702],[-122.225424,37.797659],[-122.225451,37.7976],[-122.225471,37.797539],[-122.2255,37.797445],[-122.225804,37.796461],[-122.22596,37.795968],[-122.226118,37.79547],[-122.226426,37.794486],[-122.226718,37.793558],[-122.226748,37.793516],[-122.22763,37.792231],[-122.227679,37.792167],[-122.227718,37.792126],[-122.228339,37.791514],[-122.228445,37.791406],[-122.229092,37.790781],[-122.229197,37.79075],[-122.230161,37.790252],[-122.23023,37.790222],[-122.230949,37.789465],[-122.231645,37.788724],[-122.233119,37.789602],[-122.234121,37.790204],[-122.234165,37.79023],[-122.235222,37.79086],[-122.23622,37.791457],[-122.236273,37.791492],[-122.237325,37.79212],[-122.23832,37.792717],[-122.238369,37.792746],[-122.239345,37.793331],[-122.23942,37.793376],[-122.2401,37.793785]]]]}},{"type":"Feature","properties":{"nhood":"19X"},"geometry":{"type":"MultiPolygon","coordinates":[[[[-122.254192,37.799009],[-122.253746,37.798611],[-122.253665,37.798539],[-122.252832,37.797804],[-122.251998,37.79707],[-122.251174,37.796337],[-122.250347,37.795604],[-122.249513,37.794868],[-122.248689,37.79414],[-122.247846,37.793397],[-122.24702,37.792663],[-122.246644,37.792329],[-122.246195,37.791931],[-122.245433,37.791263],[-122.245346,37.791213],[-122.245288,37.791199],[-122.245231,37.791185],[-122.245172,37.791173],[-122.245113,37.791162],[-122.245053,37.791152],[-122.244994,37.791143],[-122.244378,37.79107],[-122.244307,37.79106],[-122.244238,37.791043],[-122.244173,37.791018],[-122.244126,37.790995],[-122.243896,37.790811],[-122.243649,37.790635],[-122.242614,37.790015],[-122.241561,37.789387],[-122.240513,37.788759],[-122.239464,37.788131],[-122.238983,37.787843],[-122.238414,37.787501],[-122.237359,37.786871],[-122.236315,37.786245],[-122.236115,37.786126],[-122.235741,37.785903],[-122.235683,37.785867],[-122.235623,37.785834],[-122.235581,37.785813],[-122.235539,37.785793],[-122.235496,37.785775],[-122.235443,37.785752],[-122.234865,37.785505],[-122.234117,37.785192],[-122.234324,37.785011],[-122.235161,37.784246],[-122.235948,37.783415],[-122.236049,37.783308],[-122.236721,37.782602],[-122.236819,37.782495],[-122.237225,37.781448],[-122.237303,37.781561],[-122.237494,37.78171],[-122.237548,37.781726],[-122.237921,37.781397],[-122.238182,37.781126],[-122.238233,37.780972],[-122.238211,37.780831],[-122.238149,37.780644],[-122.237937,37.780162],[-122.23787,37.780065],[-122.237835,37.780015],[-122.237724,37.780014],[-122.237485,37.780011],[-122.237382,37.780088],[-122.237286,37.780248],[-122.237227,37.780482],[-122.237193,37.780617],[-122.237191,37.780624],[-122.237189,37.780631],[-122.237186,37.780645],[-122.237102,37.780637],[-122.237077,37.780583],[-122.237051,37.780516],[-122.237027,37.78045],[-122.237005,37.780383],[-122.236984,37.780316],[-122.236967,37.780248],[-122.236952,37.78018],[-122.23694,37.780112],[-122.236868,37.779762],[-122.236873,37.779692],[-122.236876,37.779621],[-122.236878,37.77955],[-122.23688,37.779479],[-122.23688,37.779408],[-122.236878,37.779337],[-122.236857,37.779078],[-122.236837,37.778818],[-122.23682,37.778559],[-122.236807,37.778299],[-122.236803,37.778203],[-122.236801,37.778107],[-122.236802,37.778012],[-122.236805,37.777916],[-122.236813,37.777487],[-122.236816,37.777318],[-122.236818,37.777217],[-122.236819,37.77715],[-122.236818,37.777066],[-122.236815,37.776983],[-122.236798,37.776929],[-122.236537,37.776111],[-122.236415,37.775879],[-122.236386,37.775826],[-122.236357,37.775772],[-122.236332,37.775718],[-122.236255,37.775551],[-122.236247,37.775504],[-122.236238,37.775458],[-122.236133,37.774756],[-122.235998,37.773865],[-122.23598,37.773759],[-122.235891,37.773163],[-122.235834,37.772782],[-122.23584,37.772742],[-122.235846,37.7727],[-122.235855,37.77266],[-122.235867,37.772619],[-122.23588,37.772579],[-122.235896,37.772539],[-122.235968,37.772433],[-122.23604,37.772328],[-122.236115,37.772224],[-122.236192,37.77212],[-122.236433,37.771833],[-122.236628,37.771604],[-122.237262,37.77186],[-122.23803,37.772281],[-122.239597,37.773139],[-122.240799,37.77392],[-122.242902,37.775344],[-122.243929,37.776267],[-122.244654,37.77696],[-122.24504,37.778268],[-122.245227,37.77909],[-122.245435,37.779999],[-122.245757,37.781121],[-122.246077,37.782195],[-122.246754,37.783311],[-122.247904,37.784374],[-122.248747,37.785066],[-122.249885,37.785706],[-122.250661,37.786023],[-122.251912,37.786379],[-122.253274,37.786453],[-122.254219,37.786392],[-122.255218,37.786096],[-122.255977,37.785709],[-122.257678,37.785121],[-122.258972,37.78482],[-122.260152,37.784755],[-122.261872,37.784964],[-122.265397,37.78646],[-122.266685,37.78698],[-122.267324,37.787238],[-122.266574,37.787865],[-122.266109,37.788467],[-122.265682,37.78902],[-122.264922,37.790082],[-122.263854,37.790946],[-122.263803,37.790971],[-122.263091,37.790968],[-122.262996,37.79119],[-122.262725,37.791491],[-122.262427,37.791871],[-122.262309,37.792072],[-122.262214,37.792203],[-122.262137,37.792308],[-122.262058,37.792471],[-122.261883,37.792836],[-122.261809,37.79301],[-122.261754,37.793186],[-122.261717,37.79332],[-122.261656,37.793426],[-122.261565,37.793545],[-122.261479,37.793635],[-122.261363,37.793766],[-122.261218,37.79393],[-122.261167,37.794037],[-122.261129,37.794123],[-122.261126,37.794217],[-122.261197,37.794455],[-122.261249,37.794595],[-122.261252,37.794724],[-122.26123,37.794781],[-122.261197,37.794866],[-122.261091,37.795012],[-122.26095,37.795132],[-122.260718,37.795253],[-122.260423,37.795316],[-122.260246,37.79537],[-122.260022,37.795475],[-122.259915,37.795543],[-122.259839,37.795622],[-122.259734,37.795792],[-122.259582,37.796249],[-122.259567,37.796293],[-122.259515,37.796551],[-122.259593,37.797732],[-122.25953,37.797932],[-122.25949,37.79806],[-122.259357,37.798469],[-122.259402,37.798763],[-122.259336,37.798735],[-122.258805,37.799261],[-122.258466,37.799663],[-122.25795,37.799912],[-122.257411,37.800128],[-122.256829,37.800326],[-122.256155,37.800353],[-122.255503,37.80038],[-122.255414,37.800398],[-122.255141,37.800001],[-122.254998,37.799865],[-122.254391,37.799324],[-122.254279,37.799111],[-122.254242,37.799064],[-122.254192,37.799009]]]]}},{"type":"Feature","properties":{"nhood":"20X"},"geometry":{"type":"MultiPolygon","coordinates":[[[[-122.223648,37.782018],[-122.223937,37.781429],[-122.22409,37.781145],[-122.224486,37.780315],[-122.224745,37.779802],[-122.225263,37.778765],[-122.225568,37.778146],[-122.225844,37.777618],[-122.226296,37.776744],[-122.226519,37.776353],[-122.226693,37.775952],[-122.226995,37.775341],[-122.227068,37.775187],[-122.227867,37.773488],[-122.227951,37.773278],[-122.228006,37.773138],[-122.228083,37.772946],[-122.228194,37.772711],[-122.228224,37.772616],[-122.228391,37.772212],[-122.228671,37.771513],[-122.22899,37.770718],[-122.229019,37.770645],[-122.229052,37.770573],[-122.229085,37.770502],[-122.229121,37.770431],[-122.22916,37.770361],[-122.2292,37.770291],[-122.229243,37.770223],[-122.229286,37.770155],[-122.229333,37.770088],[-122.22938,37.770022],[-122.229431,37.769957],[-122.229483,37.769892],[-122.229609,37.769736],[-122.22968,37.769663],[-122.229735,37.769603],[-122.229818,37.769514],[-122.229886,37.769438],[-122.22998,37.769326],[-122.230072,37.769212],[-122.230163,37.769098],[-122.230256,37.768984],[-122.230323,37.7689],[-122.230514,37.769002],[-122.232305,37.769774],[-122.234815,37.770863],[-122.236628,37.771604],[-122.236433,37.771833],[-122.236192,37.77212],[-122.236115,37.772224],[-122.23604,37.772328],[-122.235968,37.772433],[-122.235896,37.772539],[-122.23588,37.772579],[-122.235867,37.772619],[-122.235855,37.77266],[-122.235846,37.7727],[-122.23584,37.772742],[-122.235834,37.772782],[-122.235891,37.773163],[-122.23598,37.773759],[-122.235998,37.773865],[-122.236133,37.774756],[-122.236238,37.775458],[-122.236247,37.775504],[-122.236255,37.775551],[-122.236332,37.775718],[-122.236357,37.775772],[-122.236386,37.775826],[-122.236415,37.775879],[-122.236537,37.776111],[-122.236798,37.776929],[-122.236815,37.776983],[-122.236818,37.777066],[-122.236819,37.77715],[-122.236818,37.777217],[-122.236816,37.777318],[-122.236813,37.777487],[-122.236805,37.777916],[-122.236802,37.778012],[-122.236801,37.778107],[-122.236803,37.778203],[-122.236807,37.778299],[-122.23682,37.778559],[-122.236837,37.778818],[-122.236857,37.779078],[-122.236878,37.779337],[-122.23688,37.779408],[-122.23688,37.779479],[-122.236878,37.77955],[-122.236876,37.779621],[-122.236873,37.779692],[-122.236868,37.779762],[-122.23694,37.780112],[-122.236952,37.78018],[-122.236967,37.780248],[-122.236984,37.780316],[-122.237005,37.780383],[-122.237027,37.78045],[-122.237051,37.780516],[-122.237077,37.780583],[-122.237102,37.780637],[-122.237186,37.780645],[-122.237189,37.780631],[-122.237191,37.780624],[-122.237193,37.780617],[-122.237227,37.780482],[-122.237286,37.780248],[-122.237382,37.780088],[-122.237485,37.780011],[-122.237724,37.780014],[-122.237835,37.780015],[-122.23787,37.780065],[-122.237937,37.780162],[-122.238149,37.780644],[-122.238211,37.780831],[-122.238233,37.780972],[-122.238182,37.781126],[-122.237921,37.781397],[-122.237548,37.781726],[-122.237494,37.78171],[-122.237303,37.781561],[-122.237225,37.781448],[-122.236819,37.782495],[-122.236721,37.782602],[-122.236049,37.783308],[-122.235948,37.783415],[-122.235161,37.784246],[-122.234324,37.785011],[-122.234117,37.785192],[-122.233327,37.784858],[-122.233267,37.784839],[-122.233219,37.78483],[-122.233013,37.784813],[-122.232321,37.784771],[-122.232179,37.784765],[-122.231995,37.784751],[-122.230859,37.784686],[-122.230682,37.78467],[-122.230061,37.784641],[-122.228983,37.78457],[-122.228912,37.784563],[-122.227923,37.784503],[-122.226866,37.784442],[-122.225691,37.784364],[-122.225533,37.784353],[-122.224956,37.784312],[-122.224878,37.784306],[-122.224541,37.784281],[-122.224455,37.784265],[-122.224368,37.784246],[-122.224281,37.784227],[-122.224195,37.784206],[-122.22411,37.784184],[-122.224025,37.78416],[-122.223941,37.784135],[-122.223857,37.784109],[-122.223774,37.784082],[-122.223692,37.784053],[-122.222773,37.783744],[-122.223233,37.78284],[-122.223648,37.782018]]]]}},{"type":"Feature","properties":{"nhood":"21X"},"geometry":{"type":"MultiPolygon","coordinates":[[[[-122.218542,37.798585],[-122.218684,37.798411],[-122.21898,37.798045],[-122.219587,37.797671],[-122.219722,37.797673],[-122.219946,37.797556],[-122.219699,37.797173],[-122.219557,37.796807],[-122.219605,37.796325],[-122.219939,37.795573],[-122.220236,37.794739],[-122.220272,37.794665],[-122.220366,37.794584],[-122.22041,37.794507],[-122.220473,37.794441],[-122.220705,37.794494],[-122.22087,37.794392],[-122.220916,37.794265],[-122.22086,37.794095],[-122.220802,37.793919],[-122.220776,37.793839],[-122.220699,37.793799],[-122.220623,37.793759],[-122.220729,37.793551],[-122.2207,37.793472],[-122.220926,37.792928],[-122.220879,37.792459],[-122.220866,37.792334],[-122.220791,37.79216],[-122.220774,37.791984],[-122.220707,37.791848],[-122.220748,37.79168],[-122.221322,37.791245],[-122.221553,37.791131],[-122.221594,37.79111],[-122.221657,37.791089],[-122.22174,37.791088],[-122.221816,37.791095],[-122.221845,37.791041],[-122.221878,37.790977],[-122.221903,37.790893],[-122.221904,37.790675],[-122.221793,37.790329],[-122.222461,37.790079],[-122.22255,37.789746],[-122.222861,37.789354],[-122.222972,37.789264],[-122.223204,37.789198],[-122.223238,37.789126],[-122.223277,37.789012],[-122.223447,37.788871],[-122.223671,37.788615],[-122.223694,37.788549],[-122.223718,37.788476],[-122.223909,37.788258],[-122.223611,37.788122],[-122.223901,37.787923],[-122.223948,37.7878],[-122.223963,37.787762],[-122.223872,37.787659],[-122.223489,37.787563],[-122.223714,37.787255],[-122.223358,37.787291],[-122.223186,37.787252],[-122.223406,37.786963],[-122.22369,37.786589],[-122.223624,37.786563],[-122.223744,37.786306],[-122.224112,37.786431],[-122.224155,37.786357],[-122.224199,37.786282],[-122.224263,37.786157],[-122.224228,37.785988],[-122.224283,37.785891],[-122.224465,37.785775],[-122.224516,37.785704],[-122.224561,37.785638],[-122.224577,37.785577],[-122.224736,37.785501],[-122.225086,37.785464],[-122.225062,37.785143],[-122.224862,37.784984],[-122.224849,37.784943],[-122.224855,37.784885],[-122.224876,37.784808],[-122.224894,37.784769],[-122.224906,37.784722],[-122.224902,37.784667],[-122.22487,37.784623],[-122.224857,37.784584],[-122.224889,37.7844],[-122.224878,37.784306],[-122.224956,37.784312],[-122.225533,37.784353],[-122.225691,37.784364],[-122.226866,37.784442],[-122.227923,37.784503],[-122.228912,37.784563],[-122.228983,37.78457],[-122.230061,37.784641],[-122.230682,37.78467],[-122.230859,37.784686],[-122.231995,37.784751],[-122.232179,37.784765],[-122.232321,37.784771],[-122.233013,37.784813],[-122.233219,37.78483],[-122.233267,37.784839],[-122.233327,37.784858],[-122.234117,37.785192],[-122.233324,37.785762],[-122.232521,37.78659],[-122.232225,37.78702],[-122.2322,37.787058],[-122.232175,37.787097],[-122.232151,37.787138],[-122.23213,37.787178],[-122.232112,37.787219],[-122.232095,37.787261],[-122.232079,37.787303],[-122.232068,37.787346],[-122.232057,37.78739],[-122.232047,37.787433],[-122.232042,37.787476],[-122.232037,37.78752],[-122.232035,37.787564],[-122.232036,37.787608],[-122.232039,37.787664],[-122.23204,37.787719],[-122.232038,37.787775],[-122.232034,37.787831],[-122.232029,37.787886],[-122.232021,37.787945],[-122.23201,37.787997],[-122.231998,37.788052],[-122.231984,37.788107],[-122.231967,37.788161],[-122.231948,37.788215],[-122.231927,37.788268],[-122.231904,37.788321],[-122.231877,37.788373],[-122.231849,37.788424],[-122.231821,37.788475],[-122.231789,37.788525],[-122.231756,37.788573],[-122.231719,37.788622],[-122.231682,37.788669],[-122.231645,37.788724],[-122.230949,37.789465],[-122.23023,37.790222],[-122.230161,37.790252],[-122.229197,37.79075],[-122.229092,37.790781],[-122.228445,37.791406],[-122.228339,37.791514],[-122.227718,37.792126],[-122.227679,37.792167],[-122.22763,37.792231],[-122.226748,37.793516],[-122.226718,37.793558],[-122.226426,37.794486],[-122.226118,37.79547],[-122.22596,37.795968],[-122.225804,37.796461],[-122.2255,37.797445],[-122.225471,37.797539],[-122.225451,37.7976],[-122.225424,37.797659],[-122.225402,37.797702],[-122.225374,37.797743],[-122.225335,37.797801],[-122.225303,37.797844],[-122.225269,37.797886],[-122.225234,37.797928],[-122.225197,37.797969],[-122.225158,37.798008],[-122.225117,37.798047],[-122.225075,37.798084],[-122.225039,37.798114],[-122.225007,37.798146],[-122.224975,37.798178],[-122.224945,37.798212],[-122.224916,37.798247],[-122.224891,37.798282],[-122.224866,37.798319],[-122.224844,37.798355],[-122.224823,37.798394],[-122.224804,37.798432],[-122.224756,37.798568],[-122.224696,37.798774],[-122.224602,37.799041],[-122.224555,37.799192],[-122.224505,37.799345],[-122.224454,37.799498],[-122.224402,37.799651],[-122.224325,37.799784],[-122.224289,37.799847],[-122.223873,37.799759],[-122.221142,37.799199],[-122.221015,37.79917],[-122.220772,37.799116],[-122.22071,37.799103],[-122.220222,37.798994],[-122.219176,37.798739],[-122.218542,37.798585]]]]}},{"type":"Feature","properties":{"nhood":"21Y"},"geometry":{"type":"MultiPolygon","coordinates":[[[[-122.210754,37.796516],[-122.210697,37.796493],[-122.210567,37.796438],[-122.210438,37.796382],[-122.21031,37.796325],[-122.20896,37.795688],[-122.208416,37.795432],[-122.20787,37.795181],[-122.207394,37.794965],[-122.207321,37.794933],[-122.207037,37.795001],[-122.20689,37.794934],[-122.206759,37.794877],[-122.206638,37.794822],[-122.206519,37.794766],[-122.2064,37.794707],[-122.206282,37.794647],[-122.206167,37.794585],[-122.206051,37.794521],[-122.205939,37.794456],[-122.205827,37.794389],[-122.205716,37.794321],[-122.205588,37.794238],[-122.205459,37.794155],[-122.205333,37.794069],[-122.205208,37.793983],[-122.205145,37.793938],[-122.205083,37.793896],[-122.204979,37.79382],[-122.20484,37.793717],[-122.20472,37.793626],[-122.20462,37.793548],[-122.204521,37.793469],[-122.204424,37.793389],[-122.204327,37.793308],[-122.204234,37.793225],[-122.20414,37.793142],[-122.204048,37.793058],[-122.20396,37.792972],[-122.203871,37.792885],[-122.203784,37.792798],[-122.203257,37.792245],[-122.203439,37.79214],[-122.20372,37.791978],[-122.204418,37.79257],[-122.205103,37.792337],[-122.206042,37.792471],[-122.206228,37.792497],[-122.20629,37.792491],[-122.206465,37.792556],[-122.206707,37.792561],[-122.206882,37.792634],[-122.206939,37.792634],[-122.206999,37.792539],[-122.206963,37.792499],[-122.206995,37.792379],[-122.207012,37.79229],[-122.207029,37.792205],[-122.207172,37.792161],[-122.207352,37.792104],[-122.207511,37.792054],[-122.207657,37.792038],[-122.207807,37.792025],[-122.207861,37.792023],[-122.208019,37.791944],[-122.20819,37.791858],[-122.208342,37.791782],[-122.208438,37.791749],[-122.208507,37.791724],[-122.208742,37.791638],[-122.208862,37.791594],[-122.208979,37.791551],[-122.20914,37.791493],[-122.209283,37.791444],[-122.209346,37.791428],[-122.209663,37.791417],[-122.209818,37.791229],[-122.209795,37.79098],[-122.209917,37.790894],[-122.210055,37.790808],[-122.210216,37.790721],[-122.210329,37.790659],[-122.210369,37.790612],[-122.210437,37.790532],[-122.210618,37.790472],[-122.210702,37.790467],[-122.210818,37.790464],[-122.211194,37.790439],[-122.211267,37.790367],[-122.211554,37.790329],[-122.211635,37.790279],[-122.211706,37.790235],[-122.211957,37.790025],[-122.212293,37.790047],[-122.212355,37.789983],[-122.212348,37.789738],[-122.212867,37.789886],[-122.213188,37.78976],[-122.213232,37.789741],[-122.213391,37.789703],[-122.213504,37.789675],[-122.213679,37.789461],[-122.213809,37.789455],[-122.21382,37.789403],[-122.213871,37.789422],[-122.213959,37.789358],[-122.21399,37.789184],[-122.213944,37.789135],[-122.214095,37.789018],[-122.214177,37.788955],[-122.214226,37.788918],[-122.214309,37.788854],[-122.214433,37.788758],[-122.214469,37.78864],[-122.214517,37.788479],[-122.214611,37.788431],[-122.214755,37.788358],[-122.214859,37.788306],[-122.214865,37.788264],[-122.214949,37.788028],[-122.215061,37.787994],[-122.215079,37.787785],[-122.215327,37.787813],[-122.215627,37.787675],[-122.215937,37.787487],[-122.21614,37.787363],[-122.216446,37.787202],[-122.2166,37.787095],[-122.21675,37.786799],[-122.216876,37.786615],[-122.217012,37.786461],[-122.217132,37.78634],[-122.217193,37.7863],[-122.217255,37.786346],[-122.21732,37.786378],[-122.217632,37.786529],[-122.218099,37.785932],[-122.218138,37.785879],[-122.218174,37.785824],[-122.218211,37.785769],[-122.218246,37.785714],[-122.218377,37.78547],[-122.218399,37.785426],[-122.218424,37.785383],[-122.218452,37.78534],[-122.218481,37.785299],[-122.218513,37.785259],[-122.218548,37.78522],[-122.22031,37.782918],[-122.220655,37.783028],[-122.221316,37.783256],[-122.221705,37.783382],[-122.222773,37.783744],[-122.223692,37.784053],[-122.223774,37.784082],[-122.223857,37.784109],[-122.223941,37.784135],[-122.224025,37.78416],[-122.22411,37.784184],[-122.224195,37.784206],[-122.224281,37.784227],[-122.224368,37.784246],[-122.224455,37.784265],[-122.224541,37.784281],[-122.224878,37.784306],[-122.224889,37.7844],[-122.224857,37.784584],[-122.22487,37.784623],[-122.224902,37.784667],[-122.224906,37.784722],[-122.224894,37.784769],[-122.224876,37.784808],[-122.224855,37.784885],[-122.224849,37.784943],[-122.224862,37.784984],[-122.225062,37.785143],[-122.225086,37.785464],[-122.224736,37.785501],[-122.224577,37.785577],[-122.224561,37.785638],[-122.224516,37.785704],[-122.224465,37.785775],[-122.224283,37.785891],[-122.224228,37.785988],[-122.224263,37.786157],[-122.224199,37.786282],[-122.224155,37.786357],[-122.224112,37.786431],[-122.223744,37.786306],[-122.223624,37.786563],[-122.22369,37.786589],[-122.223406,37.786963],[-122.223186,37.787252],[-122.223358,37.787291],[-122.223714,37.787255],[-122.223489,37.787563],[-122.223872,37.787659],[-122.223963,37.787762],[-122.223948,37.7878],[-122.223901,37.787923],[-122.223611,37.788122],[-122.223909,37.788258],[-122.223718,37.788476],[-122.223694,37.788549],[-122.223671,37.788615],[-122.223447,37.788871],[-122.223277,37.789012],[-122.223238,37.789126],[-122.223204,37.789198],[-122.222972,37.789264],[-122.222861,37.789354],[-122.22255,37.789746],[-122.222461,37.790079],[-122.221793,37.790329],[-122.221904,37.790675],[-122.221903,37.790893],[-122.221878,37.790977],[-122.221845,37.791041],[-122.221816,37.791095],[-122.22174,37.791088],[-122.221657,37.791089],[-122.221594,37.79111],[-122.221553,37.791131],[-122.221322,37.791245],[-122.220748,37.79168],[-122.220707,37.791848],[-122.220774,37.791984],[-122.220791,37.79216],[-122.220866,37.792334],[-122.220879,37.792459],[-122.220926,37.792928],[-122.2207,37.793472],[-122.220729,37.793551],[-122.220623,37.793759],[-122.220699,37.793799],[-122.220776,37.793839],[-122.220802,37.793919],[-122.22086,37.794095],[-122.220916,37.794265],[-122.22087,37.794392],[-122.220705,37.794494],[-122.220473,37.794441],[-122.22041,37.794507],[-122.220366,37.794584],[-122.220272,37.794665],[-122.220236,37.794739],[-122.219939,37.795573],[-122.219605,37.796325],[-122.219557,37.796807],[-122.219699,37.797173],[-122.219946,37.797556],[-122.219722,37.797673],[-122.219587,37.797671],[-122.21898,37.798045],[-122.218684,37.798411],[-122.218542,37.798585],[-122.217477,37.798325],[-122.217057,37.798218],[-122.216314,37.798027],[-122.216264,37.798014],[-122.215606,37.797854],[-122.215393,37.797803],[-122.21395,37.797446],[-122.213673,37.797377],[-122.212817,37.797165],[-122.212108,37.796982],[-122.211978,37.796947],[-122.211849,37.79691],[-122.21172,37.796871],[-122.21161,37.796836],[-122.211465,37.796788],[-122.21134,37.796744],[-122.211214,37.796698],[-122.21109,37.79665],[-122.210957,37.796599],[-122.210826,37.796546],[-122.210754,37.796516]]]]}},{"type":"Feature","properties":{"nhood":"22X"},"geometry":{"type":"MultiPolygon","coordinates":[[[[-122.202405,37.818107],[-122.202262,37.818105],[-122.202186,37.818115],[-122.202117,37.81814],[-122.201974,37.81824],[-122.201699,37.818559],[-122.201598,37.818698],[-122.201534,37.818779],[-122.201475,37.81885],[-122.201413,37.81892],[-122.201349,37.818989],[-122.201307,37.81904],[-122.201264,37.819092],[-122.201224,37.819145],[-122.201184,37.819198],[-122.201157,37.819241],[-122.20113,37.819302],[-122.201093,37.81941],[-122.201071,37.819475],[-122.201047,37.819528],[-122.201011,37.819584],[-122.200966,37.819638],[-122.200834,37.819586],[-122.200781,37.819537],[-122.200739,37.819498],[-122.200699,37.819462],[-122.200643,37.81941],[-122.200548,37.819324],[-122.200505,37.819286],[-122.200466,37.819252],[-122.200421,37.819213],[-122.200375,37.819178],[-122.200335,37.819152],[-122.200274,37.819118],[-122.200208,37.819087],[-122.200098,37.81905],[-122.199988,37.819011],[-122.199768,37.818935],[-122.199689,37.818901],[-122.19963,37.818867],[-122.199577,37.818829],[-122.199509,37.818764],[-122.199476,37.818723],[-122.199449,37.818688],[-122.199413,37.818637],[-122.199369,37.818562],[-122.199345,37.818513],[-122.199326,37.818459],[-122.199308,37.818402],[-122.199299,37.818361],[-122.19929,37.818317],[-122.199284,37.81827],[-122.199273,37.818206],[-122.199261,37.818152],[-122.199251,37.818114],[-122.199237,37.818077],[-122.199215,37.818028],[-122.199161,37.817959],[-122.199118,37.81792],[-122.199068,37.817885],[-122.199013,37.817855],[-122.198934,37.817824],[-122.198887,37.817811],[-122.198834,37.817795],[-122.198777,37.817773],[-122.198714,37.817741],[-122.198646,37.817693],[-122.198588,37.817653],[-122.198518,37.817611],[-122.198427,37.817551],[-122.198353,37.817492],[-122.198278,37.817425],[-122.198239,37.81739],[-122.198204,37.81736],[-122.198142,37.817306],[-122.198078,37.817252],[-122.19775,37.816944],[-122.197704,37.816899],[-122.197652,37.816858],[-122.197595,37.816821],[-122.197528,37.816787],[-122.197446,37.816757],[-122.197374,37.816734],[-122.197264,37.816704],[-122.197173,37.816678],[-122.197103,37.816658],[-122.197048,37.816642],[-122.19694,37.81661],[-122.196663,37.816509],[-122.196347,37.816394],[-122.196713,37.816077],[-122.196912,37.815905],[-122.192388,37.81401],[-122.194719,37.812276],[-122.196209,37.811148],[-122.196532,37.810964],[-122.196648,37.810966],[-122.196731,37.810968],[-122.196785,37.810967],[-122.196839,37.810966],[-122.196892,37.810964],[-122.196944,37.810961],[-122.196998,37.810957],[-122.197256,37.810903],[-122.197348,37.810848],[-122.197392,37.810818],[-122.19744,37.810784],[-122.197476,37.810756],[-122.197515,37.810723],[-122.197583,37.810667],[-122.197728,37.810547],[-122.197819,37.810471],[-122.197886,37.810416],[-122.197926,37.810381],[-122.197646,37.810169],[-122.197329,37.809911],[-122.197202,37.809808],[-122.197042,37.809699],[-122.196668,37.809491],[-122.196496,37.809388],[-122.196363,37.8093],[-122.19622,37.809195],[-122.195991,37.80902],[-122.195781,37.80885],[-122.195738,37.808815],[-122.195696,37.808779],[-122.19566,37.80874],[-122.195625,37.808699],[-122.195594,37.808657],[-122.195559,37.80861],[-122.195526,37.80856],[-122.195488,37.80849],[-122.195465,37.808436],[-122.195452,37.808394],[-122.195437,37.808352],[-122.195419,37.808311],[-122.195399,37.808271],[-122.195378,37.808231],[-122.195352,37.808192],[-122.196377,37.807423],[-122.196637,37.807227],[-122.196944,37.807112],[-122.197279,37.806986],[-122.197349,37.806955],[-122.197399,37.806933],[-122.19768,37.806803],[-122.198014,37.806652],[-122.198165,37.806581],[-122.198502,37.80642],[-122.198871,37.806252],[-122.199013,37.806185],[-122.199156,37.806113],[-122.199405,37.806456],[-122.199457,37.806528],[-122.199578,37.806522],[-122.199642,37.806523],[-122.199706,37.806519],[-122.19977,37.80651],[-122.199852,37.806494],[-122.199932,37.806471],[-122.20001,37.806444],[-122.200085,37.806412],[-122.200156,37.806375],[-122.200207,37.806344],[-122.200396,37.80621],[-122.200457,37.806166],[-122.200507,37.806131],[-122.200561,37.806098],[-122.200636,37.80606],[-122.200715,37.806027],[-122.200789,37.806004],[-122.200845,37.805993],[-122.200902,37.805985],[-122.200978,37.80598],[-122.201054,37.805981],[-122.201131,37.805989],[-122.201207,37.805996],[-122.20126,37.805994],[-122.201314,37.805986],[-122.201377,37.805969],[-122.201802,37.805832],[-122.201796,37.805789],[-122.201789,37.805738],[-122.201783,37.805686],[-122.201778,37.805634],[-122.201786,37.805428],[-122.201786,37.805377],[-122.201797,37.805312],[-122.201813,37.805262],[-122.201836,37.805213],[-122.201856,37.805177],[-122.202049,37.804869],[-122.202075,37.804826],[-122.202107,37.804777],[-122.20214,37.804728],[-122.202177,37.80468],[-122.202214,37.804634],[-122.202255,37.804588],[-122.202297,37.804543],[-122.202341,37.804499],[-122.202387,37.804457],[-122.202434,37.804415],[-122.202483,37.804375],[-122.202534,37.804336],[-122.20257,37.804309],[-122.202608,37.804283],[-122.202645,37.804257],[-122.202686,37.804234],[-122.202727,37.804211],[-122.20277,37.80419],[-122.202813,37.804171],[-122.202857,37.804152],[-122.202904,37.804136],[-122.20295,37.804121],[-122.20302,37.804097],[-122.203072,37.804069],[-122.20313,37.804021],[-122.203204,37.803953],[-122.203262,37.803898],[-122.203307,37.803855],[-122.203377,37.803787],[-122.203964,37.803206],[-122.204012,37.803158],[-122.20491,37.802277],[-122.205207,37.801989],[-122.205327,37.80187],[-122.2055,37.801699],[-122.205791,37.801408],[-122.20608,37.801116],[-122.206317,37.800885],[-122.206554,37.800653],[-122.206643,37.800564],[-122.206789,37.80042],[-122.207026,37.800187],[-122.207463,37.799758],[-122.207948,37.799281],[-122.208312,37.798925],[-122.208739,37.798501],[-122.208925,37.798317],[-122.209723,37.797531],[-122.210184,37.797091],[-122.210284,37.796999],[-122.210619,37.796655],[-122.210754,37.796516],[-122.210826,37.796546],[-122.210957,37.796599],[-122.21109,37.79665],[-122.211214,37.796698],[-122.21134,37.796744],[-122.211465,37.796788],[-122.21161,37.796836],[-122.21172,37.796871],[-122.211849,37.79691],[-122.211978,37.796947],[-122.212108,37.796982],[-122.212817,37.797165],[-122.213673,37.797377],[-122.21395,37.797446],[-122.215393,37.797803],[-122.215606,37.797854],[-122.216264,37.798014],[-122.216314,37.798027],[-122.217057,37.798218],[-122.217477,37.798325],[-122.218542,37.798585],[-122.21838,37.798737],[-122.218242,37.798857],[-122.218212,37.79897],[-122.218179,37.799097],[-122.218197,37.799218],[-122.218213,37.799319],[-122.218119,37.799364],[-122.217958,37.799456],[-122.217896,37.799522],[-122.218012,37.799625],[-122.218173,37.799797],[-122.218353,37.800008],[-122.218361,37.800068],[-122.218389,37.800202],[-122.218439,37.800456],[-122.218417,37.800565],[-122.218375,37.800676],[-122.218372,37.80083],[-122.218568,37.80097],[-122.218452,37.801037],[-122.218409,37.801252],[-122.21777,37.801152],[-122.217621,37.801619],[-122.217678,37.801777],[-122.217605,37.801888],[-122.217643,37.802204],[-122.217483,37.802328],[-122.217179,37.80236],[-122.217228,37.802649],[-122.217127,37.802804],[-122.217231,37.802936],[-122.217246,37.80325],[-122.217003,37.803333],[-122.216639,37.803391],[-122.216505,37.803583],[-122.216482,37.803594],[-122.216354,37.80393],[-122.216301,37.804068],[-122.215957,37.804897],[-122.215936,37.805348],[-122.215835,37.80574],[-122.215913,37.80703],[-122.215872,37.80751],[-122.215835,37.807939],[-122.215789,37.808636],[-122.215394,37.809684],[-122.215245,37.809905],[-122.214285,37.811329],[-122.214259,37.811365],[-122.213958,37.811798],[-122.213677,37.812327],[-122.213742,37.812355],[-122.213809,37.812381],[-122.213877,37.812405],[-122.214093,37.812476],[-122.214219,37.812518],[-122.214309,37.812548],[-122.214526,37.81262],[-122.214743,37.81269],[-122.214743,37.81269],[-122.214346,37.812963],[-122.214299,37.812996],[-122.214253,37.813031],[-122.21421,37.813068],[-122.214169,37.813104],[-122.214121,37.813143],[-122.21409,37.813186],[-122.21409,37.813186],[-122.214055,37.813227],[-122.214029,37.813261],[-122.213994,37.813304],[-122.213989,37.81331],[-122.213981,37.81332],[-122.213951,37.813358],[-122.213951,37.813358],[-122.213919,37.813404],[-122.213887,37.813451],[-122.213865,37.813491],[-122.213835,37.813547],[-122.213818,37.813582],[-122.213778,37.813663],[-122.213738,37.813748],[-122.213715,37.813797],[-122.213692,37.813849],[-122.213687,37.813859],[-122.213648,37.813942],[-122.213644,37.81395],[-122.213603,37.814008],[-122.213595,37.814019],[-122.213595,37.81402],[-122.21354,37.814098],[-122.21349,37.814172],[-122.213447,37.814236],[-122.213351,37.814347],[-122.21335,37.814348],[-122.213288,37.814419],[-122.213259,37.814452],[-122.213215,37.814503],[-122.213182,37.814546],[-122.213148,37.814591],[-122.213111,37.814647],[-122.21309,37.814682],[-122.21307,37.814718],[-122.213068,37.814723],[-122.213045,37.814765],[-122.21304,37.814776],[-122.213022,37.814816],[-122.21302,37.81482],[-122.213004,37.814859],[-122.212981,37.81492],[-122.212981,37.81492],[-122.212969,37.814959],[-122.212968,37.81496],[-122.212966,37.814968],[-122.212947,37.815033],[-122.212932,37.81511],[-122.212925,37.815153],[-122.212925,37.815154],[-122.212921,37.815197],[-122.212916,37.815265],[-122.212916,37.81527],[-122.212905,37.815379],[-122.212905,37.815381],[-122.212905,37.815381],[-122.212894,37.815492],[-122.212883,37.815599],[-122.212883,37.815599],[-122.212877,37.815644],[-122.212871,37.815688],[-122.212861,37.815756],[-122.212861,37.815758],[-122.21286,37.815765],[-122.212846,37.815844],[-122.212846,37.815845],[-122.212829,37.815924],[-122.212812,37.816004],[-122.212797,37.816056],[-122.212794,37.816066],[-122.212789,37.816083],[-122.212786,37.816094],[-122.212768,37.816147],[-122.212764,37.816158],[-122.212745,37.816211],[-122.212727,37.816258],[-122.212721,37.816274],[-122.212695,37.816337],[-122.212667,37.816395],[-122.212665,37.8164],[-122.212635,37.816462],[-122.212604,37.816524],[-122.212565,37.816594],[-122.212565,37.816595],[-122.212533,37.816654],[-122.212491,37.816723],[-122.212447,37.816791],[-122.2124,37.816857],[-122.212396,37.816863],[-122.212353,37.816924],[-122.212315,37.816972],[-122.212303,37.816988],[-122.212251,37.817052],[-122.212248,37.817055],[-122.212248,37.817055],[-122.212198,37.817113],[-122.212197,37.817114],[-122.212138,37.817178],[-122.212079,37.817241],[-122.212016,37.817302],[-122.211953,37.817362],[-122.211887,37.817422],[-122.211821,37.817479],[-122.211811,37.817488],[-122.211811,37.817488],[-122.211753,37.817535],[-122.211738,37.817547],[-122.211689,37.817585],[-122.211599,37.817654],[-122.211598,37.817655],[-122.211537,37.817699],[-122.211441,37.817766],[-122.211432,37.817772],[-122.211432,37.817772],[-122.211384,37.817806],[-122.211377,37.81781],[-122.211235,37.817908],[-122.211085,37.818011],[-122.210934,37.818114],[-122.210934,37.818115],[-122.210571,37.818365],[-122.210239,37.818597],[-122.210238,37.818597],[-122.209898,37.818834],[-122.209723,37.818953],[-122.209723,37.818953],[-122.209666,37.818992],[-122.209628,37.819018],[-122.209586,37.819047],[-122.209528,37.819087],[-122.209338,37.819221],[-122.209233,37.819294],[-122.20908,37.8194],[-122.20902,37.819443],[-122.208891,37.819538],[-122.20884,37.819579],[-122.208763,37.819642],[-122.20866,37.819739],[-122.208498,37.819909],[-122.208425,37.819986],[-122.20826,37.820179],[-122.208234,37.820214],[-122.208203,37.820259],[-122.208173,37.820305],[-122.208142,37.820352],[-122.208118,37.820395],[-122.208089,37.820448],[-122.207857,37.820846],[-122.207743,37.821043],[-122.20772,37.82109],[-122.207693,37.821136],[-122.207666,37.821181],[-122.207638,37.821223],[-122.20761,37.821264],[-122.207574,37.821312],[-122.207539,37.821353],[-122.207503,37.821395],[-122.20747,37.821439],[-122.207434,37.821482],[-122.207404,37.821517],[-122.207342,37.821583],[-122.207291,37.821634],[-122.207236,37.821685],[-122.207185,37.821729],[-122.207141,37.821769],[-122.207085,37.821815],[-122.207029,37.82186],[-122.206978,37.821899],[-122.206913,37.821946],[-122.206854,37.821988],[-122.206921,37.822044],[-122.20702,37.822127],[-122.206951,37.822349],[-122.20693,37.822416],[-122.206763,37.822283],[-122.206584,37.822141],[-122.206413,37.821773],[-122.206257,37.821625],[-122.206101,37.821474],[-122.206052,37.821421],[-122.205978,37.821338],[-122.205926,37.821277],[-122.205889,37.821232],[-122.205861,37.821198],[-122.205802,37.821127],[-122.205758,37.821069],[-122.20568,37.820968],[-122.205638,37.820912],[-122.20558,37.820845],[-122.205551,37.820811],[-122.205506,37.820758],[-122.205461,37.820697],[-122.205424,37.820649],[-122.205387,37.820594],[-122.205358,37.820551],[-122.205315,37.820481],[-122.20528,37.820423],[-122.205254,37.820374],[-122.205177,37.820221],[-122.205106,37.820076],[-122.205034,37.819932],[-122.204942,37.819755],[-122.204909,37.819701],[-122.204857,37.819626],[-122.204823,37.819584],[-122.204795,37.819551],[-122.204766,37.819519],[-122.204733,37.819486],[-122.204699,37.819453],[-122.20465,37.81941],[-122.20459,37.819361],[-122.204549,37.819332],[-122.204509,37.819304],[-122.204468,37.819277],[-122.204343,37.819199],[-122.204217,37.819122],[-122.20415,37.819082],[-122.204091,37.819047],[-122.203963,37.818972],[-122.203904,37.818939],[-122.203833,37.818899],[-122.203701,37.818828],[-122.203656,37.818799],[-122.203612,37.818769],[-122.203569,37.818738],[-122.203515,37.818691],[-122.203471,37.818642],[-122.203409,37.818563],[-122.203379,37.81852],[-122.203354,37.818478],[-122.203329,37.818438],[-122.203289,37.818387],[-122.20326,37.818349],[-122.203223,37.818307],[-122.203118,37.818229],[-122.203006,37.818181],[-122.202855,37.81815],[-122.202405,37.818107]]]]}},{"type":"Feature","properties":{"nhood":"22Y"},"geometry":{"type":"MultiPolygon","coordinates":[[[[-122.170665,37.800087],[-122.170688,37.800031],[-122.170708,37.799982],[-122.170745,37.799887],[-122.170776,37.799806],[-122.170795,37.79976],[-122.17082,37.799691],[-122.170837,37.799626],[-122.170846,37.799585],[-122.170854,37.799534],[-122.17086,37.799449],[-122.170858,37.799393],[-122.170843,37.799146],[-122.170818,37.799072],[-122.170779,37.798955],[-122.170744,37.798744],[-122.170722,37.798612],[-122.170685,37.798387],[-122.170673,37.798322],[-122.170552,37.797634],[-122.170543,37.797584],[-122.170536,37.797543],[-122.170518,37.797439],[-122.170505,37.797359],[-122.170495,37.797304],[-122.170488,37.797247],[-122.170486,37.797182],[-122.17049,37.797123],[-122.170497,37.797068],[-122.170508,37.79701],[-122.170518,37.796972],[-122.170537,37.796912],[-122.170558,37.796859],[-122.170577,37.796822],[-122.170597,37.796785],[-122.17062,37.79675],[-122.170643,37.796714],[-122.17067,37.79668],[-122.170718,37.796628],[-122.170761,37.796585],[-122.170809,37.796544],[-122.170867,37.796499],[-122.170906,37.796474],[-122.170975,37.796431],[-122.171019,37.796408],[-122.171065,37.796385],[-122.171132,37.796357],[-122.171203,37.796332],[-122.171292,37.796308],[-122.171383,37.796291],[-122.171471,37.796278],[-122.171561,37.796271],[-122.17165,37.79627],[-122.171739,37.796275],[-122.171806,37.796283],[-122.171899,37.796298],[-122.171958,37.796311],[-122.172033,37.796332],[-122.17213,37.796366],[-122.172234,37.796414],[-122.172299,37.79645],[-122.172341,37.796477],[-122.172436,37.79654],[-122.172575,37.796633],[-122.17304,37.796944],[-122.1731,37.796987],[-122.173162,37.797028],[-122.173213,37.797059],[-122.173279,37.797098],[-122.173328,37.797122],[-122.173381,37.797145],[-122.173426,37.797163],[-122.173493,37.797188],[-122.173589,37.797224],[-122.1737,37.797233],[-122.173767,37.797242],[-122.173844,37.797248],[-122.173925,37.797251],[-122.17398,37.797249],[-122.174052,37.797243],[-122.17413,37.797233],[-122.174196,37.797221],[-122.174249,37.797209],[-122.174311,37.797193],[-122.174365,37.797176],[-122.174417,37.797157],[-122.174481,37.797131],[-122.174546,37.7971],[-122.174592,37.797075],[-122.174638,37.797047],[-122.174703,37.797007],[-122.174762,37.79697],[-122.174811,37.796936],[-122.174841,37.796901],[-122.17487,37.796866],[-122.174897,37.796829],[-122.174922,37.796793],[-122.174947,37.796755],[-122.174969,37.796716],[-122.17499,37.796678],[-122.175011,37.796637],[-122.175056,37.796544],[-122.175095,37.796466],[-122.175149,37.796355],[-122.175197,37.796261],[-122.17524,37.796172],[-122.17528,37.796091],[-122.175722,37.795197],[-122.175763,37.795111],[-122.175806,37.795026],[-122.175851,37.794941],[-122.175888,37.794875],[-122.175926,37.794817],[-122.175971,37.794762],[-122.17602,37.79471],[-122.176057,37.794675],[-122.176136,37.794618],[-122.176207,37.794568],[-122.176255,37.794539],[-122.17633,37.794495],[-122.176402,37.794452],[-122.176466,37.794417],[-122.176526,37.794394],[-122.176587,37.79437],[-122.176676,37.794345],[-122.176748,37.794329],[-122.176823,37.794318],[-122.176897,37.794307],[-122.176958,37.7943],[-122.177042,37.794296],[-122.177105,37.794293],[-122.177188,37.794293],[-122.177277,37.794307],[-122.177328,37.794314],[-122.177379,37.794322],[-122.177431,37.79433],[-122.177482,37.794342],[-122.17753,37.794355],[-122.177579,37.794371],[-122.177628,37.794388],[-122.17768,37.794408],[-122.177731,37.794429],[-122.17778,37.794451],[-122.177829,37.794476],[-122.177875,37.794503],[-122.17792,37.794531],[-122.177964,37.794561],[-122.178005,37.794592],[-122.178045,37.794624],[-122.178084,37.794658],[-122.178529,37.79502],[-122.178627,37.795099],[-122.178631,37.795102],[-122.178989,37.795396],[-122.179218,37.795581],[-122.179429,37.79574],[-122.179491,37.795781],[-122.179556,37.795819],[-122.17962,37.795856],[-122.179687,37.795892],[-122.179754,37.795927],[-122.179822,37.79596],[-122.179892,37.795991],[-122.179963,37.796021],[-122.180028,37.796046],[-122.180093,37.796069],[-122.180157,37.796092],[-122.180223,37.796112],[-122.180291,37.796132],[-122.180357,37.79615],[-122.180425,37.796167],[-122.180495,37.796182],[-122.180565,37.796197],[-122.180657,37.796212],[-122.180804,37.796233],[-122.18113,37.796272],[-122.181516,37.79631],[-122.181875,37.796354],[-122.181952,37.796364],[-122.182029,37.796379],[-122.182103,37.796399],[-122.182158,37.796416],[-122.182211,37.796435],[-122.182263,37.796455],[-122.182315,37.796476],[-122.182366,37.7965],[-122.182415,37.796524],[-122.182463,37.796551],[-122.18251,37.796579],[-122.182554,37.796609],[-122.182608,37.79665],[-122.18266,37.796692],[-122.182691,37.796722],[-122.182723,37.796753],[-122.182752,37.796785],[-122.182778,37.796817],[-122.182805,37.796851],[-122.18283,37.796885],[-122.182852,37.796921],[-122.182873,37.796956],[-122.182891,37.796993],[-122.183039,37.797382],[-122.183061,37.797435],[-122.183098,37.797506],[-122.183141,37.797573],[-122.183192,37.797637],[-122.183249,37.797697],[-122.183313,37.797754],[-122.183539,37.797902],[-122.183605,37.797945],[-122.183734,37.798007],[-122.183915,37.798086],[-122.184149,37.79818],[-122.184336,37.79825],[-122.184475,37.798303],[-122.184695,37.798387],[-122.184805,37.798416],[-122.185078,37.798489],[-122.185131,37.798503],[-122.185237,37.798531],[-122.185357,37.798562],[-122.185434,37.798579],[-122.185487,37.79859],[-122.185743,37.798647],[-122.186186,37.798733],[-122.186284,37.79875],[-122.186383,37.798767],[-122.186482,37.798783],[-122.186581,37.798796],[-122.186681,37.798809],[-122.186782,37.798821],[-122.187141,37.798856],[-122.187365,37.798863],[-122.187846,37.798885],[-122.188236,37.798894],[-122.188704,37.798917],[-122.189104,37.79892],[-122.189954,37.79896],[-122.190758,37.798982],[-122.19113,37.798993],[-122.191198,37.798994],[-122.191265,37.798994],[-122.191333,37.798991],[-122.1914,37.798986],[-122.1915,37.798975],[-122.1916,37.798961],[-122.191666,37.798948],[-122.191731,37.798933],[-122.191785,37.798921],[-122.191852,37.798897],[-122.191908,37.798877],[-122.191963,37.798853],[-122.192049,37.798812],[-122.192121,37.798775],[-122.19217,37.798746],[-122.19222,37.798715],[-122.192267,37.798683],[-122.192313,37.79865],[-122.192358,37.798615],[-122.192402,37.79858],[-122.192675,37.798411],[-122.192962,37.798197],[-122.193107,37.79809],[-122.193362,37.797922],[-122.193414,37.79789],[-122.193479,37.797854],[-122.193545,37.797817],[-122.193611,37.797781],[-122.193678,37.797747],[-122.193744,37.797713],[-122.193813,37.79768],[-122.193886,37.797655],[-122.193959,37.797628],[-122.194031,37.7976],[-122.194081,37.797579],[-122.194171,37.797539],[-122.19424,37.797507],[-122.194308,37.797473],[-122.194375,37.797438],[-122.19444,37.797402],[-122.194503,37.797364],[-122.194566,37.797325],[-122.194627,37.797284],[-122.194834,37.797164],[-122.195521,37.796762],[-122.195567,37.796736],[-122.196781,37.796032],[-122.197399,37.795665],[-122.198033,37.795304],[-122.199283,37.794567],[-122.200436,37.793898],[-122.200653,37.793769],[-122.201543,37.793242],[-122.202026,37.792968],[-122.202469,37.792717],[-122.202539,37.792677],[-122.202933,37.792433],[-122.203257,37.792245],[-122.203784,37.792798],[-122.203871,37.792885],[-122.20396,37.792972],[-122.204048,37.793058],[-122.20414,37.793142],[-122.204234,37.793225],[-122.204327,37.793308],[-122.204424,37.793389],[-122.204521,37.793469],[-122.20462,37.793548],[-122.20472,37.793626],[-122.20484,37.793717],[-122.204979,37.79382],[-122.205083,37.793896],[-122.205145,37.793938],[-122.205208,37.793983],[-122.205333,37.794069],[-122.205459,37.794155],[-122.205588,37.794238],[-122.205716,37.794321],[-122.205827,37.794389],[-122.205939,37.794456],[-122.206051,37.794521],[-122.206167,37.794585],[-122.206282,37.794647],[-122.2064,37.794707],[-122.206519,37.794766],[-122.206638,37.794822],[-122.206759,37.794877],[-122.20689,37.794934],[-122.207037,37.795001],[-122.207321,37.794933],[-122.207394,37.794965],[-122.20787,37.795181],[-122.208416,37.795432],[-122.20896,37.795688],[-122.21031,37.796325],[-122.210438,37.796382],[-122.210567,37.796438],[-122.210697,37.796493],[-122.210754,37.796516],[-122.210619,37.796655],[-122.210284,37.796999],[-122.210184,37.797091],[-122.209723,37.797531],[-122.208925,37.798317],[-122.208739,37.798501],[-122.208312,37.798925],[-122.207948,37.799281],[-122.207463,37.799758],[-122.207026,37.800187],[-122.206789,37.80042],[-122.206643,37.800564],[-122.206554,37.800653],[-122.206317,37.800885],[-122.20608,37.801116],[-122.205791,37.801408],[-122.2055,37.801699],[-122.205327,37.80187],[-122.205207,37.801989],[-122.20491,37.802277],[-122.204012,37.803158],[-122.203964,37.803206],[-122.203377,37.803787],[-122.203307,37.803855],[-122.203262,37.803898],[-122.203204,37.803953],[-122.20313,37.804021],[-122.203072,37.804069],[-122.20302,37.804097],[-122.20295,37.804121],[-122.202904,37.804136],[-122.202857,37.804152],[-122.202813,37.804171],[-122.20277,37.80419],[-122.202727,37.804211],[-122.202686,37.804234],[-122.202645,37.804257],[-122.202608,37.804283],[-122.20257,37.804309],[-122.202534,37.804336],[-122.202483,37.804375],[-122.202434,37.804415],[-122.202387,37.804457],[-122.202341,37.804499],[-122.202297,37.804543],[-122.202255,37.804588],[-122.202214,37.804634],[-122.202177,37.80468],[-122.20214,37.804728],[-122.202107,37.804777],[-122.202075,37.804826],[-122.202049,37.804869],[-122.201856,37.805177],[-122.201836,37.805213],[-122.201813,37.805262],[-122.201797,37.805312],[-122.201786,37.805377],[-122.201786,37.805428],[-122.201778,37.805634],[-122.201783,37.805686],[-122.201789,37.805738],[-122.201796,37.805789],[-122.201802,37.805832],[-122.201377,37.805969],[-122.201314,37.805986],[-122.20126,37.805994],[-122.201207,37.805996],[-122.201131,37.805989],[-122.201054,37.805981],[-122.200978,37.80598],[-122.200902,37.805985],[-122.200845,37.805993],[-122.200789,37.806004],[-122.200715,37.806027],[-122.200636,37.80606],[-122.200561,37.806098],[-122.200507,37.806131],[-122.200457,37.806166],[-122.200396,37.80621],[-122.200207,37.806344],[-122.200156,37.806375],[-122.200085,37.806412],[-122.20001,37.806444],[-122.199932,37.806471],[-122.199852,37.806494],[-122.19977,37.80651],[-122.199706,37.806519],[-122.199642,37.806523],[-122.199578,37.806522],[-122.199457,37.806528],[-122.199405,37.806456],[-122.199156,37.806113],[-122.199013,37.806185],[-122.198871,37.806252],[-122.198502,37.80642],[-122.198165,37.806581],[-122.198014,37.806652],[-122.19768,37.806803],[-122.197399,37.806933],[-122.197349,37.806955],[-122.197279,37.806986],[-122.196944,37.807112],[-122.196637,37.807227],[-122.196377,37.807423],[-122.195352,37.808192],[-122.195378,37.808231],[-122.195399,37.808271],[-122.195419,37.808311],[-122.195437,37.808352],[-122.195452,37.808394],[-122.195465,37.808436],[-122.195488,37.80849],[-122.195526,37.80856],[-122.195559,37.80861],[-122.195594,37.808657],[-122.195625,37.808699],[-122.19566,37.80874],[-122.195696,37.808779],[-122.195738,37.808815],[-122.195781,37.80885],[-122.195991,37.80902],[-122.19622,37.809195],[-122.196363,37.8093],[-122.196496,37.809388],[-122.196668,37.809491],[-122.197042,37.809699],[-122.197202,37.809808],[-122.197329,37.809911],[-122.197646,37.810169],[-122.197926,37.810381],[-122.197886,37.810416],[-122.197819,37.810471],[-122.197728,37.810547],[-122.197583,37.810667],[-122.197515,37.810723],[-122.197476,37.810756],[-122.19744,37.810784],[-122.197392,37.810818],[-122.197348,37.810848],[-122.197256,37.810903],[-122.196998,37.810957],[-122.196944,37.810961],[-122.196892,37.810964],[-122.196839,37.810966],[-122.196785,37.810967],[-122.196731,37.810968],[-122.196648,37.810966],[-122.196532,37.810964],[-122.196209,37.811148],[-122.194719,37.812276],[-122.192388,37.81401],[-122.191869,37.814553],[-122.19037,37.81638],[-122.189523,37.817411],[-122.189484,37.817443],[-122.189445,37.817478],[-122.189411,37.817516],[-122.189381,37.817554],[-122.189019,37.818008],[-122.188981,37.818061],[-122.188946,37.818116],[-122.188922,37.818158],[-122.188717,37.818561],[-122.188701,37.818603],[-122.18869,37.818653],[-122.188677,37.818722],[-122.188673,37.81878],[-122.188679,37.818838],[-122.188693,37.818895],[-122.188711,37.818937],[-122.188745,37.818996],[-122.188782,37.819044],[-122.188811,37.819078],[-122.188842,37.819109],[-122.188922,37.819198],[-122.188963,37.819253],[-122.189001,37.819313],[-122.189031,37.819378],[-122.189049,37.819442],[-122.189057,37.819496],[-122.189058,37.819556],[-122.189053,37.81961],[-122.18904,37.819659],[-122.189012,37.819717],[-122.188976,37.819762],[-122.188945,37.819793],[-122.188909,37.819821],[-122.18887,37.819846],[-122.188826,37.819867],[-122.18876,37.819894],[-122.188707,37.819912],[-122.188651,37.819926],[-122.188595,37.819937],[-122.188519,37.819948],[-122.188438,37.819949],[-122.188342,37.819936],[-122.188267,37.819916],[-122.188205,37.819894],[-122.18816,37.819873],[-122.188093,37.819878],[-122.188003,37.819905],[-122.187931,37.819935],[-122.187877,37.819962],[-122.187827,37.819991],[-122.18776,37.820044],[-122.187704,37.820014],[-122.186875,37.820308],[-122.186371,37.820486],[-122.185685,37.820733],[-122.185553,37.82078],[-122.185504,37.820763],[-122.185325,37.820818],[-122.185094,37.820903],[-122.184668,37.820827],[-122.183432,37.820605],[-122.183306,37.820558],[-122.183259,37.82054],[-122.182993,37.820437],[-122.182555,37.820267],[-122.18235,37.820156],[-122.180897,37.819362],[-122.180588,37.819125],[-122.179069,37.817961],[-122.178837,37.817754],[-122.178224,37.817205],[-122.177907,37.816921],[-122.176867,37.815989],[-122.17674,37.815895],[-122.176538,37.815746],[-122.176333,37.815595],[-122.175608,37.81506],[-122.175319,37.814841],[-122.175297,37.8148],[-122.175076,37.81439],[-122.175038,37.814281],[-122.174227,37.811874],[-122.174068,37.811402],[-122.173686,37.810268],[-122.173888,37.809883],[-122.174247,37.809196],[-122.174457,37.808795],[-122.174788,37.808166],[-122.174913,37.808012],[-122.175411,37.807399],[-122.175788,37.806947],[-122.178467,37.805164],[-122.178641,37.805135],[-122.1792,37.805039],[-122.178241,37.804522],[-122.177422,37.805144],[-122.177076,37.805407],[-122.175453,37.80406],[-122.176302,37.803101],[-122.173955,37.801809],[-122.172358,37.80093],[-122.170665,37.800087]]]]}},{"type":"Feature","properties":{"nhood":"23X"},"geometry":{"type":"MultiPolygon","coordinates":[[[[-122.224515,37.764948],[-122.225243,37.76431],[-122.225512,37.764899],[-122.226064,37.765736],[-122.227092,37.7668],[-122.227508,37.767118],[-122.228237,37.767675],[-122.229317,37.768363],[-122.230323,37.7689],[-122.230256,37.768984],[-122.230163,37.769098],[-122.230072,37.769212],[-122.22998,37.769326],[-122.229886,37.769438],[-122.229818,37.769514],[-122.229735,37.769603],[-122.22968,37.769663],[-122.229609,37.769736],[-122.229483,37.769892],[-122.229431,37.769957],[-122.22938,37.770022],[-122.229333,37.770088],[-122.229286,37.770155],[-122.229243,37.770223],[-122.2292,37.770291],[-122.22916,37.770361],[-122.229121,37.770431],[-122.229085,37.770502],[-122.229052,37.770573],[-122.229019,37.770645],[-122.22899,37.770718],[-122.228671,37.771513],[-122.228391,37.772212],[-122.228224,37.772616],[-122.228194,37.772711],[-122.228083,37.772946],[-122.228006,37.773138],[-122.227951,37.773278],[-122.227867,37.773488],[-122.227068,37.775187],[-122.226995,37.775341],[-122.226693,37.775952],[-122.226519,37.776353],[-122.226296,37.776744],[-122.225844,37.777618],[-122.225568,37.778146],[-122.225263,37.778765],[-122.224745,37.779802],[-122.224486,37.780315],[-122.22409,37.781145],[-122.223937,37.781429],[-122.223648,37.782018],[-122.223233,37.78284],[-122.222773,37.783744],[-122.221705,37.783382],[-122.221316,37.783256],[-122.220655,37.783028],[-122.22031,37.782918],[-122.220038,37.782817],[-122.219747,37.782674],[-122.219341,37.782443],[-122.219195,37.78231],[-122.21913,37.782183],[-122.218913,37.781542],[-122.218725,37.780967],[-122.218661,37.780814],[-122.218586,37.780723],[-122.218366,37.780512],[-122.218006,37.780192],[-122.217658,37.779882],[-122.216704,37.779038],[-122.216019,37.778426],[-122.215397,37.777867],[-122.215305,37.777788],[-122.215153,37.777652],[-122.214754,37.777297],[-122.214607,37.777172],[-122.213867,37.776513],[-122.213218,37.775933],[-122.212892,37.775648],[-122.211799,37.774685],[-122.212516,37.774123],[-122.21298,37.773774],[-122.213523,37.773365],[-122.214864,37.772353],[-122.215604,37.771787],[-122.215716,37.771703],[-122.2161,37.771413],[-122.216184,37.77135],[-122.21715,37.770624],[-122.218139,37.769875],[-122.219019,37.769219],[-122.219938,37.768536],[-122.220113,37.768393],[-122.220311,37.768234],[-122.220652,37.767974],[-122.221441,37.767378],[-122.221802,37.767122],[-122.222093,37.766899],[-122.222516,37.766573],[-122.22313,37.766101],[-122.223757,37.765616],[-122.224515,37.764948]]]]}},{"type":"Feature","properties":{"nhood":"24X"},"geometry":{"type":"MultiPolygon","coordinates":[[[[-122.204197,37.782513],[-122.204241,37.782485],[-122.204278,37.782455],[-122.204708,37.782001],[-122.204867,37.781836],[-122.205479,37.781195],[-122.205836,37.78081],[-122.20593,37.78082],[-122.205903,37.780739],[-122.206144,37.78049],[-122.206418,37.780194],[-122.20682,37.779774],[-122.208115,37.778395],[-122.209168,37.777291],[-122.2096,37.776837],[-122.210587,37.775786],[-122.210819,37.775568],[-122.211165,37.775189],[-122.211799,37.774685],[-122.212892,37.775648],[-122.213218,37.775933],[-122.213867,37.776513],[-122.214607,37.777172],[-122.214754,37.777297],[-122.215153,37.777652],[-122.215305,37.777788],[-122.215397,37.777867],[-122.216019,37.778426],[-122.216704,37.779038],[-122.217658,37.779882],[-122.218006,37.780192],[-122.218366,37.780512],[-122.218586,37.780723],[-122.218661,37.780814],[-122.218725,37.780967],[-122.218913,37.781542],[-122.21913,37.782183],[-122.219195,37.78231],[-122.219341,37.782443],[-122.219747,37.782674],[-122.220038,37.782817],[-122.22031,37.782918],[-122.218548,37.78522],[-122.218513,37.785259],[-122.218481,37.785299],[-122.218452,37.78534],[-122.218424,37.785383],[-122.218399,37.785426],[-122.218377,37.78547],[-122.218246,37.785714],[-122.218211,37.785769],[-122.218174,37.785824],[-122.218138,37.785879],[-122.218099,37.785932],[-122.217632,37.786529],[-122.21732,37.786378],[-122.217255,37.786346],[-122.217193,37.7863],[-122.215581,37.784951],[-122.21528,37.785124],[-122.214792,37.785409],[-122.214577,37.785531],[-122.214024,37.785862],[-122.213872,37.785943],[-122.21318,37.786349],[-122.212639,37.786678],[-122.211985,37.787052],[-122.211215,37.787504],[-122.210378,37.787987],[-122.209705,37.787392],[-122.209267,37.787004],[-122.208588,37.786403],[-122.207444,37.785395],[-122.206593,37.784643],[-122.205939,37.784066],[-122.205238,37.783452],[-122.204897,37.78315],[-122.20456,37.782852],[-122.204197,37.782513]]]]}},{"type":"Feature","properties":{"nhood":"24Y"},"geometry":{"type":"MultiPolygon","coordinates":[[[[-122.203257,37.792245],[-122.203077,37.792057],[-122.201362,37.790199],[-122.201226,37.790065],[-122.201086,37.789931],[-122.200945,37.7898],[-122.200802,37.78967],[-122.20069,37.789573],[-122.200576,37.789478],[-122.200461,37.789384],[-122.20041,37.789344],[-122.200343,37.789292],[-122.200223,37.789201],[-122.200103,37.789111],[-122.199993,37.789036],[-122.199882,37.788961],[-122.199768,37.788888],[-122.199654,37.788816],[-122.19954,37.788745],[-122.199422,37.788676],[-122.199304,37.788608],[-122.199185,37.788542],[-122.199028,37.788455],[-122.198972,37.788426],[-122.198868,37.788371],[-122.198761,37.788317],[-122.198712,37.788292],[-122.198544,37.788208],[-122.197792,37.787833],[-122.197058,37.787446],[-122.195839,37.786837],[-122.196029,37.786738],[-122.196234,37.786631],[-122.196282,37.786606],[-122.196629,37.786419],[-122.19726,37.786097],[-122.19727,37.786092],[-122.19728,37.786087],[-122.198453,37.785489],[-122.199356,37.785022],[-122.200144,37.784603],[-122.20072,37.784309],[-122.201797,37.78374],[-122.202528,37.783364],[-122.202572,37.783338],[-122.203354,37.782938],[-122.203492,37.782867],[-122.204132,37.782541],[-122.204197,37.782513],[-122.20456,37.782852],[-122.204897,37.78315],[-122.205238,37.783452],[-122.205939,37.784066],[-122.206593,37.784643],[-122.207444,37.785395],[-122.208588,37.786403],[-122.209267,37.787004],[-122.209705,37.787392],[-122.210378,37.787987],[-122.211215,37.787504],[-122.211985,37.787052],[-122.212639,37.786678],[-122.21318,37.786349],[-122.213872,37.785943],[-122.214024,37.785862],[-122.214577,37.785531],[-122.214792,37.785409],[-122.21528,37.785124],[-122.215581,37.784951],[-122.217193,37.7863],[-122.217132,37.78634],[-122.217012,37.786461],[-122.216876,37.786615],[-122.21675,37.786799],[-122.2166,37.787095],[-122.216446,37.787202],[-122.21614,37.787363],[-122.215937,37.787487],[-122.215627,37.787675],[-122.215327,37.787813],[-122.215079,37.787785],[-122.215061,37.787994],[-122.214949,37.788028],[-122.214865,37.788264],[-122.214859,37.788306],[-122.214755,37.788358],[-122.214611,37.788431],[-122.214517,37.788479],[-122.214469,37.78864],[-122.214433,37.788758],[-122.214309,37.788854],[-122.214226,37.788918],[-122.214177,37.788955],[-122.214095,37.789018],[-122.213944,37.789135],[-122.21399,37.789184],[-122.213959,37.789358],[-122.213871,37.789422],[-122.21382,37.789403],[-122.213809,37.789455],[-122.213679,37.789461],[-122.213504,37.789675],[-122.213391,37.789703],[-122.213232,37.789741],[-122.213188,37.78976],[-122.212867,37.789886],[-122.212348,37.789738],[-122.212355,37.789983],[-122.212293,37.790047],[-122.211957,37.790025],[-122.211706,37.790235],[-122.211635,37.790279],[-122.211554,37.790329],[-122.211267,37.790367],[-122.211194,37.790439],[-122.210818,37.790464],[-122.210702,37.790467],[-122.210618,37.790472],[-122.210437,37.790532],[-122.210369,37.790612],[-122.210329,37.790659],[-122.210216,37.790721],[-122.210055,37.790808],[-122.209917,37.790894],[-122.209795,37.79098],[-122.209818,37.791229],[-122.209663,37.791417],[-122.209346,37.791428],[-122.209283,37.791444],[-122.20914,37.791493],[-122.208979,37.791551],[-122.208862,37.791594],[-122.208742,37.791638],[-122.208507,37.791724],[-122.208438,37.791749],[-122.208342,37.791782],[-122.20819,37.791858],[-122.208019,37.791944],[-122.207861,37.792023],[-122.207807,37.792025],[-122.207657,37.792038],[-122.207511,37.792054],[-122.207352,37.792104],[-122.207172,37.792161],[-122.207029,37.792205],[-122.207012,37.79229],[-122.206995,37.792379],[-122.206963,37.792499],[-122.206999,37.792539],[-122.206939,37.792634],[-122.206882,37.792634],[-122.206707,37.792561],[-122.206465,37.792556],[-122.20629,37.792491],[-122.206228,37.792497],[-122.206042,37.792471],[-122.205103,37.792337],[-122.204418,37.79257],[-122.20372,37.791978],[-122.203439,37.79214],[-122.203257,37.792245]]]]}},{"type":"Feature","properties":{"nhood":"25X"},"geometry":{"type":"MultiPolygon","coordinates":[[[[-122.177188,37.794293],[-122.17708,37.794172],[-122.175771,37.79269],[-122.175482,37.792363],[-122.171119,37.787424],[-122.170866,37.787137],[-122.170824,37.786966],[-122.170792,37.786832],[-122.170328,37.784913],[-122.168985,37.779374],[-122.168802,37.778619],[-122.168743,37.778377],[-122.16971,37.778742],[-122.170516,37.779138],[-122.170605,37.779182],[-122.170696,37.779224],[-122.170787,37.779266],[-122.170878,37.779307],[-122.170971,37.779346],[-122.171063,37.779385],[-122.171924,37.779704],[-122.172021,37.779735],[-122.172119,37.779767],[-122.172217,37.7798],[-122.172312,37.779834],[-122.172407,37.779869],[-122.172503,37.779905],[-122.173431,37.780255],[-122.173492,37.780277],[-122.173551,37.780291],[-122.173612,37.780298],[-122.173679,37.780298],[-122.173735,37.780293],[-122.173778,37.780273],[-122.173802,37.780437],[-122.17371,37.780806],[-122.173697,37.780864],[-122.173675,37.780958],[-122.173633,37.781142],[-122.173705,37.78118],[-122.173946,37.78131],[-122.174595,37.781697],[-122.176318,37.782813],[-122.176813,37.78312],[-122.176906,37.783177],[-122.177015,37.783239],[-122.177097,37.783284],[-122.177193,37.783335],[-122.177291,37.783385],[-122.177391,37.783433],[-122.177492,37.783479],[-122.177594,37.783523],[-122.177699,37.783566],[-122.177802,37.783608],[-122.177892,37.783641],[-122.177985,37.783674],[-122.178077,37.783705],[-122.17817,37.783735],[-122.178264,37.783764],[-122.178373,37.783795],[-122.178454,37.783817],[-122.178549,37.783842],[-122.178645,37.783865],[-122.178741,37.783887],[-122.178838,37.783909],[-122.178935,37.783928],[-122.179062,37.78395],[-122.179189,37.78397],[-122.179317,37.783988],[-122.179446,37.784004],[-122.179576,37.784018],[-122.179704,37.78403],[-122.179834,37.784039],[-122.179964,37.784046],[-122.180094,37.784052],[-122.180224,37.784055],[-122.180699,37.784071],[-122.181017,37.784082],[-122.183211,37.784155],[-122.183339,37.784159],[-122.183449,37.784162],[-122.184155,37.784184],[-122.185986,37.784243],[-122.186199,37.78425],[-122.186413,37.784257],[-122.186626,37.784267],[-122.186841,37.784276],[-122.186983,37.78428],[-122.187127,37.784286],[-122.187269,37.784294],[-122.187413,37.784303],[-122.187555,37.784315],[-122.187697,37.784329],[-122.18777,37.784336],[-122.187891,37.784348],[-122.188084,37.784369],[-122.188278,37.784393],[-122.188494,37.784421],[-122.18866,37.784446],[-122.188731,37.784457],[-122.188856,37.784476],[-122.189006,37.784497],[-122.189153,37.78452],[-122.189303,37.784544],[-122.18945,37.78457],[-122.189598,37.784597],[-122.189746,37.784626],[-122.189892,37.784656],[-122.19004,37.784687],[-122.190186,37.784714],[-122.190332,37.784743],[-122.190476,37.784774],[-122.19062,37.784807],[-122.190763,37.784843],[-122.190906,37.784879],[-122.191049,37.784918],[-122.19119,37.784959],[-122.191324,37.784992],[-122.191456,37.785026],[-122.191588,37.785062],[-122.191719,37.785099],[-122.19185,37.785138],[-122.19198,37.785178],[-122.192109,37.785219],[-122.192238,37.785262],[-122.192441,37.785333],[-122.192645,37.785404],[-122.192835,37.785473],[-122.193048,37.78555],[-122.193254,37.78563],[-122.19335,37.785669],[-122.19346,37.785713],[-122.193663,37.785797],[-122.193865,37.785883],[-122.194585,37.786229],[-122.195655,37.786744],[-122.195839,37.786837],[-122.197058,37.787446],[-122.197792,37.787833],[-122.198544,37.788208],[-122.198712,37.788292],[-122.198761,37.788317],[-122.198868,37.788371],[-122.198972,37.788426],[-122.199028,37.788455],[-122.199185,37.788542],[-122.199304,37.788608],[-122.199422,37.788676],[-122.19954,37.788745],[-122.199654,37.788816],[-122.199768,37.788888],[-122.199882,37.788961],[-122.199993,37.789036],[-122.200103,37.789111],[-122.200223,37.789201],[-122.200343,37.789292],[-122.20041,37.789344],[-122.200461,37.789384],[-122.200576,37.789478],[-122.20069,37.789573],[-122.200802,37.78967],[-122.200945,37.7898],[-122.201086,37.789931],[-122.201226,37.790065],[-122.201362,37.790199],[-122.203077,37.792057],[-122.203257,37.792245],[-122.202933,37.792433],[-122.202539,37.792677],[-122.202469,37.792717],[-122.202026,37.792968],[-122.201543,37.793242],[-122.200653,37.793769],[-122.200436,37.793898],[-122.199283,37.794567],[-122.198033,37.795304],[-122.197399,37.795665],[-122.196781,37.796032],[-122.195567,37.796736],[-122.195521,37.796762],[-122.194834,37.797164],[-122.194627,37.797284],[-122.194566,37.797325],[-122.194503,37.797364],[-122.19444,37.797402],[-122.194375,37.797438],[-122.194308,37.797473],[-122.19424,37.797507],[-122.194171,37.797539],[-122.194081,37.797579],[-122.194031,37.7976],[-122.193959,37.797628],[-122.193886,37.797655],[-122.193813,37.79768],[-122.193744,37.797713],[-122.193678,37.797747],[-122.193611,37.797781],[-122.193545,37.797817],[-122.193479,37.797854],[-122.193414,37.79789],[-122.193362,37.797922],[-122.193107,37.79809],[-122.192962,37.798197],[-122.192675,37.798411],[-122.192402,37.79858],[-122.192358,37.798615],[-122.192313,37.79865],[-122.192267,37.798683],[-122.19222,37.798715],[-122.19217,37.798746],[-122.192121,37.798775],[-122.192049,37.798812],[-122.191963,37.798853],[-122.191908,37.798877],[-122.191852,37.798897],[-122.191785,37.798921],[-122.191731,37.798933],[-122.191666,37.798948],[-122.1916,37.798961],[-122.1915,37.798975],[-122.1914,37.798986],[-122.191333,37.798991],[-122.191265,37.798994],[-122.191198,37.798994],[-122.19113,37.798993],[-122.190758,37.798982],[-122.189954,37.79896],[-122.189104,37.79892],[-122.188704,37.798917],[-122.188236,37.798894],[-122.187846,37.798885],[-122.187365,37.798863],[-122.187141,37.798856],[-122.186782,37.798821],[-122.186681,37.798809],[-122.186581,37.798796],[-122.186482,37.798783],[-122.186383,37.798767],[-122.186284,37.79875],[-122.186186,37.798733],[-122.185743,37.798647],[-122.185487,37.79859],[-122.185434,37.798579],[-122.185357,37.798562],[-122.185237,37.798531],[-122.185131,37.798503],[-122.185078,37.798489],[-122.184805,37.798416],[-122.184695,37.798387],[-122.184475,37.798303],[-122.184336,37.79825],[-122.184149,37.79818],[-122.183915,37.798086],[-122.183734,37.798007],[-122.183605,37.797945],[-122.183539,37.797902],[-122.183313,37.797754],[-122.183249,37.797697],[-122.183192,37.797637],[-122.183141,37.797573],[-122.183098,37.797506],[-122.183061,37.797435],[-122.183039,37.797382],[-122.182891,37.796993],[-122.182873,37.796956],[-122.182852,37.796921],[-122.18283,37.796885],[-122.182805,37.796851],[-122.182778,37.796817],[-122.182752,37.796785],[-122.182723,37.796753],[-122.182691,37.796722],[-122.18266,37.796692],[-122.182608,37.79665],[-122.182554,37.796609],[-122.18251,37.796579],[-122.182463,37.796551],[-122.182415,37.796524],[-122.182366,37.7965],[-122.182315,37.796476],[-122.182263,37.796455],[-122.182211,37.796435],[-122.182158,37.796416],[-122.182103,37.796399],[-122.182029,37.796379],[-122.181952,37.796364],[-122.181875,37.796354],[-122.181516,37.79631],[-122.18113,37.796272],[-122.180804,37.796233],[-122.180657,37.796212],[-122.180565,37.796197],[-122.180495,37.796182],[-122.180425,37.796167],[-122.180357,37.79615],[-122.180291,37.796132],[-122.180223,37.796112],[-122.180157,37.796092],[-122.180093,37.796069],[-122.180028,37.796046],[-122.179963,37.796021],[-122.179892,37.795991],[-122.179822,37.79596],[-122.179754,37.795927],[-122.179687,37.795892],[-122.17962,37.795856],[-122.179556,37.795819],[-122.179491,37.795781],[-122.179429,37.79574],[-122.179218,37.795581],[-122.178989,37.795396],[-122.178631,37.795102],[-122.178627,37.795099],[-122.178529,37.79502],[-122.178084,37.794658],[-122.178045,37.794624],[-122.178005,37.794592],[-122.177964,37.794561],[-122.17792,37.794531],[-122.177875,37.794503],[-122.177829,37.794476],[-122.17778,37.794451],[-122.177731,37.794429],[-122.17768,37.794408],[-122.177628,37.794388],[-122.177579,37.794371],[-122.17753,37.794355],[-122.177482,37.794342],[-122.177431,37.79433],[-122.177379,37.794322],[-122.177328,37.794314],[-122.177277,37.794307],[-122.177188,37.794293]]]]}},{"type":"Feature","properties":{"nhood":"25Y"},"geometry":{"type":"MultiPolygon","coordinates":[[[[-122.154125,37.79937],[-122.152741,37.798796],[-122.151043,37.798942],[-122.149085,37.79984],[-122.145891,37.800506],[-122.143073,37.800483],[-122.140217,37.798722],[-122.138626,37.797564],[-122.136659,37.797095],[-122.134675,37.79588],[-122.130577,37.790591],[-122.130399,37.790068],[-122.128884,37.788072],[-122.126541,37.783406],[-122.12523,37.781567],[-122.123773,37.779171],[-122.123624,37.778483],[-122.124137,37.777494],[-122.121462,37.774399],[-122.121775,37.774203],[-122.128656,37.769876],[-122.128505,37.769565],[-122.128659,37.769507],[-122.128928,37.769441],[-122.129311,37.769444],[-122.129606,37.769515],[-122.12988,37.769644],[-122.130691,37.770463],[-122.131019,37.77067],[-122.131382,37.770809],[-122.131779,37.770881],[-122.133353,37.770973],[-122.133924,37.770924],[-122.134228,37.770819],[-122.13508,37.770326],[-122.135612,37.770081],[-122.136288,37.769841],[-122.137016,37.769569],[-122.137414,37.769493],[-122.13803,37.769506],[-122.138557,37.769639],[-122.139456,37.770084],[-122.140009,37.770446],[-122.140565,37.770953],[-122.141339,37.771861],[-122.142023,37.772361],[-122.142494,37.772592],[-122.143658,37.773028],[-122.144212,37.773124],[-122.144217,37.773124],[-122.144639,37.773108],[-122.145096,37.773011],[-122.145528,37.772844],[-122.14769,37.771355],[-122.148178,37.771059],[-122.148428,37.770944],[-122.149003,37.770713],[-122.149902,37.770479],[-122.150256,37.770422],[-122.150626,37.770383],[-122.150838,37.770365],[-122.151044,37.770364],[-122.151247,37.770378],[-122.151444,37.770408],[-122.151633,37.770453],[-122.151825,37.770516],[-122.152013,37.770594],[-122.152189,37.770685],[-122.15232,37.770769],[-122.152456,37.770874],[-122.152801,37.771192],[-122.15294,37.771362],[-122.153233,37.771787],[-122.153321,37.771892],[-122.15341,37.771978],[-122.153572,37.772102],[-122.153761,37.772222],[-122.153962,37.772329],[-122.154177,37.772426],[-122.15425,37.772442],[-122.154353,37.772456],[-122.15444,37.772466],[-122.154513,37.772473],[-122.154584,37.772478],[-122.154645,37.772481],[-122.15473,37.772482],[-122.154797,37.772482],[-122.154846,37.772482],[-122.154933,37.772476],[-122.155011,37.77247],[-122.155081,37.772461],[-122.155161,37.772452],[-122.155234,37.772441],[-122.155323,37.772426],[-122.15541,37.772409],[-122.155481,37.772394],[-122.155566,37.772374],[-122.155638,37.772356],[-122.155715,37.772334],[-122.155793,37.772311],[-122.155885,37.772281],[-122.155959,37.772249],[-122.156009,37.772226],[-122.156072,37.772192],[-122.156152,37.772142],[-122.156204,37.772106],[-122.156242,37.772077],[-122.156278,37.772048],[-122.156335,37.772003],[-122.156411,37.771942],[-122.15648,37.771884],[-122.156531,37.77184],[-122.156593,37.771785],[-122.15665,37.77173],[-122.156708,37.771674],[-122.156759,37.771623],[-122.156815,37.771563],[-122.156872,37.7715],[-122.158681,37.77284],[-122.158965,37.77305],[-122.159178,37.773208],[-122.15994,37.773772],[-122.162451,37.775054],[-122.164421,37.776072],[-122.165202,37.776497],[-122.165638,37.776733],[-122.166909,37.777404],[-122.167491,37.777755],[-122.167707,37.777885],[-122.16778,37.777918],[-122.167903,37.777976],[-122.168743,37.778377],[-122.168802,37.778619],[-122.168985,37.779374],[-122.170328,37.784913],[-122.170792,37.786832],[-122.170824,37.786966],[-122.170866,37.787137],[-122.171119,37.787424],[-122.175482,37.792363],[-122.175771,37.79269],[-122.17708,37.794172],[-122.177188,37.794293],[-122.177105,37.794293],[-122.177042,37.794296],[-122.176958,37.7943],[-122.176897,37.794307],[-122.176823,37.794318],[-122.176748,37.794329],[-122.176676,37.794345],[-122.176587,37.79437],[-122.176526,37.794394],[-122.176466,37.794417],[-122.176402,37.794452],[-122.17633,37.794495],[-122.176255,37.794539],[-122.176207,37.794568],[-122.176136,37.794618],[-122.176057,37.794675],[-122.17602,37.79471],[-122.175971,37.794762],[-122.175926,37.794817],[-122.175888,37.794875],[-122.175851,37.794941],[-122.175806,37.795026],[-122.175763,37.795111],[-122.175722,37.795197],[-122.17528,37.796091],[-122.17524,37.796172],[-122.175197,37.796261],[-122.175149,37.796355],[-122.175095,37.796466],[-122.175056,37.796544],[-122.175011,37.796637],[-122.17499,37.796678],[-122.174969,37.796716],[-122.174947,37.796755],[-122.174922,37.796793],[-122.174897,37.796829],[-122.17487,37.796866],[-122.174841,37.796901],[-122.174811,37.796936],[-122.174762,37.79697],[-122.174703,37.797007],[-122.174638,37.797047],[-122.174592,37.797075],[-122.174546,37.7971],[-122.174481,37.797131],[-122.174417,37.797157],[-122.174365,37.797176],[-122.174311,37.797193],[-122.174249,37.797209],[-122.174196,37.797221],[-122.17413,37.797233],[-122.174052,37.797243],[-122.17398,37.797249],[-122.173925,37.797251],[-122.173844,37.797248],[-122.173767,37.797242],[-122.1737,37.797233],[-122.173589,37.797224],[-122.173493,37.797188],[-122.173426,37.797163],[-122.173381,37.797145],[-122.173328,37.797122],[-122.173279,37.797098],[-122.173213,37.797059],[-122.173162,37.797028],[-122.1731,37.796987],[-122.17304,37.796944],[-122.172575,37.796633],[-122.172436,37.79654],[-122.172341,37.796477],[-122.172299,37.79645],[-122.172234,37.796414],[-122.17213,37.796366],[-122.172033,37.796332],[-122.171958,37.796311],[-122.171899,37.796298],[-122.171806,37.796283],[-122.171739,37.796275],[-122.17165,37.79627],[-122.171561,37.796271],[-122.171471,37.796278],[-122.171383,37.796291],[-122.171292,37.796308],[-122.171203,37.796332],[-122.171132,37.796357],[-122.171065,37.796385],[-122.171019,37.796408],[-122.170975,37.796431],[-122.170906,37.796474],[-122.170867,37.796499],[-122.170809,37.796544],[-122.170761,37.796585],[-122.170718,37.796628],[-122.17067,37.79668],[-122.170643,37.796714],[-122.17062,37.79675],[-122.170597,37.796785],[-122.170577,37.796822],[-122.170558,37.796859],[-122.170537,37.796912],[-122.170518,37.796972],[-122.170508,37.79701],[-122.170497,37.797068],[-122.17049,37.797123],[-122.170486,37.797182],[-122.170488,37.797247],[-122.170495,37.797304],[-122.170505,37.797359],[-122.170518,37.797439],[-122.170536,37.797543],[-122.170543,37.797584],[-122.170552,37.797634],[-122.170673,37.798322],[-122.170685,37.798387],[-122.170722,37.798612],[-122.170744,37.798744],[-122.170779,37.798955],[-122.170818,37.799072],[-122.170843,37.799146],[-122.170858,37.799393],[-122.17086,37.799449],[-122.170854,37.799534],[-122.170846,37.799585],[-122.170837,37.799626],[-122.17082,37.799691],[-122.170795,37.79976],[-122.170776,37.799806],[-122.170745,37.799887],[-122.170708,37.799982],[-122.170688,37.800031],[-122.170665,37.800087],[-122.171404,37.801774],[-122.172168,37.803956],[-122.171896,37.80672],[-122.168731,37.807937],[-122.161563,37.807093],[-122.155657,37.802942],[-122.154278,37.800919],[-122.154125,37.79937]]]]}},{"type":"Feature","properties":{"nhood":"26X"},"geometry":{"type":"MultiPolygon","coordinates":[[[[-122.211606,37.770826],[-122.211089,37.770567],[-122.210808,37.770438],[-122.210196,37.770146],[-122.20976,37.769941],[-122.209349,37.769744],[-122.208781,37.769479],[-122.208656,37.769411],[-122.207918,37.769063],[-122.207815,37.769008],[-122.207049,37.768649],[-122.206937,37.768594],[-122.206022,37.768162],[-122.205513,37.767928],[-122.204964,37.767675],[-122.206805,37.766338],[-122.207802,37.765615],[-122.207846,37.765641],[-122.208264,37.765368],[-122.208624,37.765095],[-122.209437,37.764452],[-122.209625,37.764311],[-122.207392,37.76244],[-122.207083,37.762176],[-122.206483,37.76166],[-122.206151,37.761374],[-122.205564,37.76087],[-122.204374,37.759844],[-122.202454,37.758234],[-122.200771,37.756826],[-122.202925,37.755993],[-122.203482,37.755777],[-122.204043,37.75559],[-122.204105,37.755571],[-122.204165,37.755551],[-122.204223,37.755529],[-122.204272,37.75551],[-122.20434,37.75548],[-122.204395,37.755453],[-122.204538,37.755384],[-122.205329,37.755],[-122.206183,37.754633],[-122.206612,37.754461],[-122.207184,37.754268],[-122.207561,37.754129],[-122.207681,37.754082],[-122.207749,37.754055],[-122.208008,37.753955],[-122.20818,37.753888],[-122.208362,37.753818],[-122.208555,37.753743],[-122.209102,37.753529],[-122.209483,37.753385],[-122.209995,37.753169],[-122.210469,37.752946],[-122.21057,37.752895],[-122.214293,37.751402],[-122.214567,37.751398],[-122.214756,37.751394],[-122.216699,37.751358],[-122.223519,37.754387],[-122.223718,37.756493],[-122.223721,37.756524],[-122.224461,37.760409],[-122.224625,37.762331],[-122.225012,37.763733],[-122.225243,37.76431],[-122.224515,37.764948],[-122.223757,37.765616],[-122.22313,37.766101],[-122.222516,37.766573],[-122.222093,37.766899],[-122.221802,37.767122],[-122.221441,37.767378],[-122.220652,37.767974],[-122.220311,37.768234],[-122.220113,37.768393],[-122.219938,37.768536],[-122.219019,37.769219],[-122.218139,37.769875],[-122.21715,37.770624],[-122.216184,37.77135],[-122.2161,37.771413],[-122.215716,37.771703],[-122.215604,37.771787],[-122.214864,37.772353],[-122.213998,37.771945],[-122.213902,37.771894],[-122.213561,37.771734],[-122.212935,37.771439],[-122.211667,37.770858],[-122.211606,37.770826]]]]}},{"type":"Feature","properties":{"nhood":"26Y"},"geometry":{"type":"MultiPolygon","coordinates":[[[[-122.193757,37.762375],[-122.193302,37.762147],[-122.192915,37.761974],[-122.191896,37.761489],[-122.1911,37.761114],[-122.191014,37.761072],[-122.190352,37.760757],[-122.190259,37.760707],[-122.189598,37.7604],[-122.189479,37.760336],[-122.189091,37.760157],[-122.188702,37.759965],[-122.188216,37.759741],[-122.187926,37.759594],[-122.187594,37.759438],[-122.187045,37.759179],[-122.186268,37.758811],[-122.185612,37.75849],[-122.185543,37.758459],[-122.184958,37.758193],[-122.184804,37.75811],[-122.184458,37.75795],[-122.184079,37.757762],[-122.183589,37.757532],[-122.183521,37.757504],[-122.182764,37.757138],[-122.182533,37.757036],[-122.18176,37.756669],[-122.181659,37.756623],[-122.180611,37.756132],[-122.180797,37.756011],[-122.180922,37.755929],[-122.181245,37.755719],[-122.181413,37.75561],[-122.182996,37.754586],[-122.183477,37.754273],[-122.184386,37.753682],[-122.184452,37.753639],[-122.1846,37.753543],[-122.184921,37.753337],[-122.185041,37.753292],[-122.185678,37.752994],[-122.186087,37.752801],[-122.187322,37.752212],[-122.188674,37.751564],[-122.189699,37.751076],[-122.190734,37.750585],[-122.191186,37.750372],[-122.1918,37.750074],[-122.192084,37.749937],[-122.19235,37.749765],[-122.192722,37.750061],[-122.193779,37.750902],[-122.194166,37.75121],[-122.194799,37.751719],[-122.195343,37.752155],[-122.195382,37.752189],[-122.195706,37.752434],[-122.195741,37.75246],[-122.195819,37.752518],[-122.19625,37.752846],[-122.196573,37.753109],[-122.197812,37.754199],[-122.197836,37.754221],[-122.198876,37.755143],[-122.19923,37.755461],[-122.200311,37.756435],[-122.200771,37.756826],[-122.202454,37.758234],[-122.204374,37.759844],[-122.205564,37.76087],[-122.206151,37.761374],[-122.206483,37.76166],[-122.207083,37.762176],[-122.207392,37.76244],[-122.209625,37.764311],[-122.209437,37.764452],[-122.208624,37.765095],[-122.208264,37.765368],[-122.207846,37.765641],[-122.207802,37.765615],[-122.206805,37.766338],[-122.204964,37.767675],[-122.204537,37.767473],[-122.203715,37.767085],[-122.20262,37.76657],[-122.202271,37.766404],[-122.201721,37.766143],[-122.201644,37.766109],[-122.200348,37.765496],[-122.199547,37.765116],[-122.198763,37.764743],[-122.198365,37.764556],[-122.197987,37.764375],[-122.197195,37.763999],[-122.196406,37.763625],[-122.195764,37.763322],[-122.195525,37.76321],[-122.194608,37.762774],[-122.194344,37.762649],[-122.194041,37.762508],[-122.193757,37.762375]]]]}},{"type":"Feature","properties":{"nhood":"27X"},"geometry":{"type":"MultiPolygon","coordinates":[[[[-122.194579,37.773533],[-122.194943,37.773283],[-122.195231,37.773085],[-122.195909,37.772611],[-122.196679,37.772074],[-122.196817,37.771976],[-122.197283,37.771646],[-122.197894,37.771721],[-122.198014,37.771732],[-122.198133,37.771741],[-122.198254,37.771748],[-122.198374,37.771754],[-122.198582,37.77176],[-122.2008,37.771766],[-122.203131,37.771779],[-122.204652,37.771781],[-122.205154,37.771787],[-122.205865,37.771784],[-122.20643,37.771788],[-122.20697,37.771797],[-122.207052,37.771786],[-122.207335,37.771793],[-122.207393,37.771794],[-122.207688,37.771794],[-122.208395,37.771768],[-122.209433,37.771761],[-122.209915,37.771633],[-122.210008,37.77161],[-122.210097,37.771586],[-122.210185,37.77156],[-122.210273,37.771533],[-122.210358,37.771503],[-122.210442,37.771472],[-122.210526,37.771438],[-122.210609,37.771403],[-122.210691,37.771366],[-122.210771,37.771327],[-122.21085,37.771286],[-122.210927,37.771243],[-122.211002,37.771199],[-122.211075,37.771153],[-122.211606,37.770826],[-122.211667,37.770858],[-122.212935,37.771439],[-122.213561,37.771734],[-122.213902,37.771894],[-122.213998,37.771945],[-122.214864,37.772353],[-122.213523,37.773365],[-122.21298,37.773774],[-122.212516,37.774123],[-122.211799,37.774685],[-122.211165,37.775189],[-122.210819,37.775568],[-122.210587,37.775786],[-122.2096,37.776837],[-122.209168,37.777291],[-122.208115,37.778395],[-122.20682,37.779774],[-122.206418,37.780194],[-122.206144,37.78049],[-122.205903,37.780739],[-122.20593,37.78082],[-122.205836,37.78081],[-122.205479,37.781195],[-122.204867,37.781836],[-122.204708,37.782001],[-122.204278,37.782455],[-122.204241,37.782485],[-122.204197,37.782513],[-122.204132,37.782541],[-122.203226,37.781728],[-122.202427,37.78101],[-122.201825,37.780481],[-122.201231,37.779943],[-122.200512,37.779304],[-122.199489,37.778386],[-122.199091,37.77783],[-122.199068,37.777755],[-122.199031,37.7777],[-122.19899,37.777647],[-122.198947,37.777595],[-122.198904,37.777544],[-122.198858,37.777493],[-122.198809,37.777443],[-122.198761,37.777396],[-122.198709,37.777349],[-122.198658,37.777303],[-122.198604,37.777259],[-122.198559,37.777208],[-122.19792,37.776648],[-122.197316,37.776112],[-122.196633,37.775513],[-122.196697,37.775376],[-122.194579,37.773533]]]]}},{"type":"Feature","properties":{"nhood":"27Y"},"geometry":{"type":"MultiPolygon","coordinates":[[[[-122.197283,37.771646],[-122.196009,37.771473],[-122.194319,37.771254],[-122.194243,37.771245],[-122.193327,37.771128],[-122.191367,37.770858],[-122.190147,37.770693],[-122.188894,37.770539],[-122.187678,37.770376],[-122.186446,37.770212],[-122.185389,37.770066],[-122.1844,37.769944],[-122.18383,37.769864],[-122.183265,37.769785],[-122.183351,37.769405],[-122.183374,37.769355],[-122.183399,37.769318],[-122.183448,37.769274],[-122.183812,37.769038],[-122.185017,37.768263],[-122.187582,37.766615],[-122.187949,37.766379],[-122.189858,37.765151],[-122.190302,37.764864],[-122.190341,37.764833],[-122.190374,37.7648],[-122.190414,37.764752],[-122.190447,37.764702],[-122.190508,37.764605],[-122.190556,37.764509],[-122.19058,37.764474],[-122.190607,37.764442],[-122.190637,37.76441],[-122.190668,37.764379],[-122.190702,37.76435],[-122.190737,37.764322],[-122.193757,37.762375],[-122.194041,37.762508],[-122.194344,37.762649],[-122.194608,37.762774],[-122.195525,37.76321],[-122.195764,37.763322],[-122.196406,37.763625],[-122.197195,37.763999],[-122.197987,37.764375],[-122.198365,37.764556],[-122.198763,37.764743],[-122.199547,37.765116],[-122.200348,37.765496],[-122.201644,37.766109],[-122.201721,37.766143],[-122.202271,37.766404],[-122.20262,37.76657],[-122.203715,37.767085],[-122.204537,37.767473],[-122.204964,37.767675],[-122.205513,37.767928],[-122.206022,37.768162],[-122.206937,37.768594],[-122.207049,37.768649],[-122.207815,37.769008],[-122.207918,37.769063],[-122.208656,37.769411],[-122.208781,37.769479],[-122.209349,37.769744],[-122.20976,37.769941],[-122.210196,37.770146],[-122.210808,37.770438],[-122.211089,37.770567],[-122.211606,37.770826],[-122.211075,37.771153],[-122.211002,37.771199],[-122.210927,37.771243],[-122.21085,37.771286],[-122.210771,37.771327],[-122.210691,37.771366],[-122.210609,37.771403],[-122.210526,37.771438],[-122.210442,37.771472],[-122.210358,37.771503],[-122.210273,37.771533],[-122.210185,37.77156],[-122.210097,37.771586],[-122.210008,37.77161],[-122.209915,37.771633],[-122.209433,37.771761],[-122.208395,37.771768],[-122.207688,37.771794],[-122.207393,37.771794],[-122.207335,37.771793],[-122.207052,37.771786],[-122.20697,37.771797],[-122.20643,37.771788],[-122.205865,37.771784],[-122.205154,37.771787],[-122.204652,37.771781],[-122.203131,37.771779],[-122.2008,37.771766],[-122.198582,37.77176],[-122.198374,37.771754],[-122.198254,37.771748],[-122.198133,37.771741],[-122.198014,37.771732],[-122.197894,37.771721],[-122.197283,37.771646]]]]}},{"type":"Feature","properties":{"nhood":"28X"},"geometry":{"type":"MultiPolygon","coordinates":[[[[-122.173802,37.780437],[-122.175067,37.780257],[-122.176989,37.779979],[-122.177141,37.779957],[-122.177255,37.779944],[-122.177369,37.779932],[-122.177483,37.779922],[-122.177599,37.779913],[-122.177713,37.779906],[-122.177827,37.7799],[-122.177943,37.779895],[-122.178057,37.779893],[-122.178173,37.779892],[-122.178287,37.779893],[-122.179414,37.779901],[-122.179474,37.779902],[-122.179535,37.779902],[-122.179594,37.7799],[-122.179654,37.779897],[-122.179715,37.779893],[-122.179773,37.779887],[-122.179832,37.77988],[-122.179892,37.779872],[-122.179951,37.779861],[-122.180009,37.779848],[-122.180068,37.779834],[-122.180125,37.779818],[-122.180181,37.7798],[-122.180238,37.77978],[-122.180293,37.779759],[-122.180346,37.779736],[-122.180399,37.779711],[-122.18045,37.779685],[-122.1805,37.779658],[-122.18055,37.779629],[-122.180596,37.7796],[-122.18064,37.77957],[-122.180682,37.779538],[-122.180723,37.779506],[-122.180762,37.779471],[-122.180801,37.779436],[-122.180837,37.7794],[-122.180872,37.779362],[-122.180904,37.779324],[-122.180936,37.779285],[-122.180965,37.779245],[-122.180992,37.779203],[-122.181195,37.778933],[-122.181402,37.778664],[-122.181614,37.778398],[-122.181829,37.778134],[-122.182217,37.77778],[-122.182333,37.777677],[-122.182414,37.777603],[-122.182611,37.777444],[-122.182771,37.77732],[-122.182933,37.777198],[-122.183098,37.777077],[-122.183263,37.776958],[-122.183438,37.776848],[-122.183614,37.776737],[-122.183788,37.776626],[-122.183964,37.776515],[-122.184074,37.776491],[-122.184129,37.776476],[-122.184182,37.776459],[-122.184287,37.776421],[-122.184338,37.7764],[-122.184388,37.776376],[-122.184421,37.776361],[-122.184484,37.776327],[-122.184515,37.776308],[-122.184544,37.776288],[-122.184642,37.776205],[-122.184669,37.776174],[-122.184841,37.775989],[-122.184884,37.775954],[-122.184928,37.77592],[-122.184974,37.775886],[-122.18502,37.775854],[-122.185068,37.775823],[-122.185115,37.775793],[-122.185165,37.775764],[-122.185223,37.775732],[-122.18529,37.775708],[-122.185354,37.775692],[-122.185419,37.775682],[-122.185485,37.775677],[-122.185555,37.775678],[-122.185635,37.775684],[-122.185714,37.775699],[-122.185771,37.775715],[-122.185825,37.775736],[-122.185879,37.775757],[-122.185922,37.775787],[-122.185969,37.775821],[-122.186034,37.775869],[-122.186098,37.775919],[-122.186159,37.77597],[-122.186219,37.776022],[-122.18655,37.776312],[-122.187124,37.776832],[-122.187705,37.777346],[-122.187996,37.77761],[-122.188286,37.777868],[-122.188698,37.777586],[-122.189051,37.77734],[-122.18934,37.777136],[-122.18971,37.776882],[-122.190296,37.776476],[-122.190386,37.776414],[-122.190795,37.776134],[-122.191129,37.775905],[-122.191201,37.775856],[-122.191453,37.775682],[-122.192088,37.775245],[-122.192763,37.774783],[-122.19339,37.774346],[-122.19385,37.774037],[-122.194315,37.773714],[-122.194579,37.773533],[-122.196697,37.775376],[-122.196633,37.775513],[-122.197316,37.776112],[-122.19792,37.776648],[-122.198559,37.777208],[-122.198604,37.777259],[-122.198658,37.777303],[-122.198709,37.777349],[-122.198761,37.777396],[-122.198809,37.777443],[-122.198858,37.777493],[-122.198904,37.777544],[-122.198947,37.777595],[-122.19899,37.777647],[-122.199031,37.7777],[-122.199068,37.777755],[-122.199091,37.77783],[-122.199489,37.778386],[-122.200512,37.779304],[-122.201231,37.779943],[-122.201825,37.780481],[-122.202427,37.78101],[-122.203226,37.781728],[-122.204132,37.782541],[-122.203492,37.782867],[-122.203354,37.782938],[-122.202572,37.783338],[-122.202528,37.783364],[-122.201797,37.78374],[-122.20072,37.784309],[-122.200144,37.784603],[-122.199356,37.785022],[-122.198453,37.785489],[-122.19728,37.786087],[-122.19727,37.786092],[-122.19726,37.786097],[-122.196629,37.786419],[-122.196282,37.786606],[-122.196234,37.786631],[-122.196029,37.786738],[-122.195839,37.786837],[-122.195655,37.786744],[-122.194585,37.786229],[-122.193865,37.785883],[-122.193663,37.785797],[-122.19346,37.785713],[-122.19335,37.785669],[-122.193254,37.78563],[-122.193048,37.78555],[-122.192835,37.785473],[-122.192645,37.785404],[-122.192441,37.785333],[-122.192238,37.785262],[-122.192109,37.785219],[-122.19198,37.785178],[-122.19185,37.785138],[-122.191719,37.785099],[-122.191588,37.785062],[-122.191456,37.785026],[-122.191324,37.784992],[-122.19119,37.784959],[-122.191049,37.784918],[-122.190906,37.784879],[-122.190763,37.784843],[-122.19062,37.784807],[-122.190476,37.784774],[-122.190332,37.784743],[-122.190186,37.784714],[-122.19004,37.784687],[-122.189892,37.784656],[-122.189746,37.784626],[-122.189598,37.784597],[-122.18945,37.78457],[-122.189303,37.784544],[-122.189153,37.78452],[-122.189006,37.784497],[-122.188856,37.784476],[-122.188731,37.784457],[-122.18866,37.784446],[-122.188494,37.784421],[-122.188278,37.784393],[-122.188084,37.784369],[-122.187891,37.784348],[-122.18777,37.784336],[-122.187697,37.784329],[-122.187555,37.784315],[-122.187413,37.784303],[-122.187269,37.784294],[-122.187127,37.784286],[-122.186983,37.78428],[-122.186841,37.784276],[-122.186626,37.784267],[-122.186413,37.784257],[-122.186199,37.78425],[-122.185986,37.784243],[-122.184155,37.784184],[-122.183449,37.784162],[-122.183339,37.784159],[-122.183211,37.784155],[-122.181017,37.784082],[-122.180699,37.784071],[-122.180224,37.784055],[-122.180094,37.784052],[-122.179964,37.784046],[-122.179834,37.784039],[-122.179704,37.78403],[-122.179576,37.784018],[-122.179446,37.784004],[-122.179317,37.783988],[-122.179189,37.78397],[-122.179062,37.78395],[-122.178935,37.783928],[-122.178838,37.783909],[-122.178741,37.783887],[-122.178645,37.783865],[-122.178549,37.783842],[-122.178454,37.783817],[-122.178373,37.783795],[-122.178264,37.783764],[-122.17817,37.783735],[-122.178077,37.783705],[-122.177985,37.783674],[-122.177892,37.783641],[-122.177802,37.783608],[-122.177699,37.783566],[-122.177594,37.783523],[-122.177492,37.783479],[-122.177391,37.783433],[-122.177291,37.783385],[-122.177193,37.783335],[-122.177097,37.783284],[-122.177015,37.783239],[-122.176906,37.783177],[-122.176813,37.78312],[-122.176318,37.782813],[-122.174595,37.781697],[-122.173946,37.78131],[-122.173705,37.78118],[-122.173633,37.781142],[-122.173675,37.780958],[-122.173697,37.780864],[-122.17371,37.780806],[-122.173802,37.780437]]]]}},{"type":"Feature","properties":{"nhood":"29X"},"geometry":{"type":"MultiPolygon","coordinates":[[[[-122.168743,37.778377],[-122.167903,37.777976],[-122.16778,37.777918],[-122.167707,37.777885],[-122.167491,37.777755],[-122.166909,37.777404],[-122.165638,37.776733],[-122.165202,37.776497],[-122.164421,37.776072],[-122.162451,37.775054],[-122.162769,37.774902],[-122.162839,37.774855],[-122.162884,37.774814],[-122.162926,37.774757],[-122.163125,37.774293],[-122.163166,37.774201],[-122.163268,37.773971],[-122.16329,37.773926],[-122.163314,37.773881],[-122.163341,37.773836],[-122.16337,37.773793],[-122.1634,37.773751],[-122.163433,37.77371],[-122.163469,37.77367],[-122.163506,37.773631],[-122.163547,37.773594],[-122.163588,37.773558],[-122.163627,37.773526],[-122.163667,37.773495],[-122.16371,37.773466],[-122.163753,37.773437],[-122.163797,37.773409],[-122.163841,37.773383],[-122.164518,37.773013],[-122.164611,37.772966],[-122.165217,37.772624],[-122.165292,37.772584],[-122.165368,37.772542],[-122.165441,37.772498],[-122.165514,37.772453],[-122.165573,37.772414],[-122.165654,37.772359],[-122.165703,37.772319],[-122.165753,37.772278],[-122.1658,37.772237],[-122.165848,37.772195],[-122.165881,37.772145],[-122.165941,37.772109],[-122.166458,37.771647],[-122.166513,37.771693],[-122.166564,37.77174],[-122.166615,37.771788],[-122.166663,37.771838],[-122.166711,37.771888],[-122.166757,37.771939],[-122.166802,37.771991],[-122.166844,37.772044],[-122.166885,37.772098],[-122.166925,37.772152],[-122.166962,37.772208],[-122.166998,37.772264],[-122.16703,37.77231],[-122.167061,37.772357],[-122.167089,37.772402],[-122.167118,37.772452],[-122.167144,37.7725],[-122.167169,37.77255],[-122.167193,37.772599],[-122.167214,37.772648],[-122.167235,37.772698],[-122.167253,37.772749],[-122.167275,37.772825],[-122.167298,37.772901],[-122.167324,37.772976],[-122.168115,37.772748],[-122.168921,37.772514],[-122.169028,37.772427],[-122.169056,37.772372],[-122.169693,37.771158],[-122.169713,37.771113],[-122.169736,37.771069],[-122.169759,37.771025],[-122.169786,37.770982],[-122.169813,37.770939],[-122.169843,37.770897],[-122.169873,37.770856],[-122.169905,37.770815],[-122.169941,37.770775],[-122.169976,37.770735],[-122.17091,37.769883],[-122.170975,37.769826],[-122.171039,37.769771],[-122.171105,37.769717],[-122.171172,37.769664],[-122.171241,37.769612],[-122.171311,37.769561],[-122.171381,37.769511],[-122.171454,37.769462],[-122.171528,37.769414],[-122.171603,37.769368],[-122.172045,37.769125],[-122.172132,37.769156],[-122.172199,37.769177],[-122.172267,37.769194],[-122.172359,37.76921],[-122.172452,37.769221],[-122.172547,37.769226],[-122.172637,37.769223],[-122.172725,37.769223],[-122.172812,37.769229],[-122.172898,37.769241],[-122.173016,37.769257],[-122.173113,37.769269],[-122.17321,37.76928],[-122.173305,37.76929],[-122.173437,37.769307],[-122.175955,37.769633],[-122.17742,37.76984],[-122.177862,37.769895],[-122.178485,37.769973],[-122.179636,37.770134],[-122.181845,37.770421],[-122.182012,37.76963],[-122.18218,37.769645],[-122.183265,37.769785],[-122.18383,37.769864],[-122.1844,37.769944],[-122.185389,37.770066],[-122.186446,37.770212],[-122.187678,37.770376],[-122.188894,37.770539],[-122.190147,37.770693],[-122.191367,37.770858],[-122.193327,37.771128],[-122.194243,37.771245],[-122.194319,37.771254],[-122.196009,37.771473],[-122.197283,37.771646],[-122.196817,37.771976],[-122.196679,37.772074],[-122.195909,37.772611],[-122.195231,37.773085],[-122.194943,37.773283],[-122.194579,37.773533],[-122.194315,37.773714],[-122.19385,37.774037],[-122.19339,37.774346],[-122.192763,37.774783],[-122.192088,37.775245],[-122.191453,37.775682],[-122.191201,37.775856],[-122.191129,37.775905],[-122.190795,37.776134],[-122.190386,37.776414],[-122.190296,37.776476],[-122.18971,37.776882],[-122.18934,37.777136],[-122.189051,37.77734],[-122.188698,37.777586],[-122.188286,37.777868],[-122.187996,37.77761],[-122.187705,37.777346],[-122.187124,37.776832],[-122.18655,37.776312],[-122.186219,37.776022],[-122.186159,37.77597],[-122.186098,37.775919],[-122.186034,37.775869],[-122.185969,37.775821],[-122.185922,37.775787],[-122.185879,37.775757],[-122.185825,37.775736],[-122.185771,37.775715],[-122.185714,37.775699],[-122.185635,37.775684],[-122.185555,37.775678],[-122.185485,37.775677],[-122.185419,37.775682],[-122.185354,37.775692],[-122.18529,37.775708],[-122.185223,37.775732],[-122.185165,37.775764],[-122.185115,37.775793],[-122.185068,37.775823],[-122.18502,37.775854],[-122.184974,37.775886],[-122.184928,37.77592],[-122.184884,37.775954],[-122.184841,37.775989],[-122.184669,37.776174],[-122.184642,37.776205],[-122.184544,37.776288],[-122.184515,37.776308],[-122.184484,37.776327],[-122.184421,37.776361],[-122.184388,37.776376],[-122.184338,37.7764],[-122.184287,37.776421],[-122.184182,37.776459],[-122.184129,37.776476],[-122.184074,37.776491],[-122.183964,37.776515],[-122.183788,37.776626],[-122.183614,37.776737],[-122.183438,37.776848],[-122.183263,37.776958],[-122.183098,37.777077],[-122.182933,37.777198],[-122.182771,37.77732],[-122.182611,37.777444],[-122.182414,37.777603],[-122.182333,37.777677],[-122.182217,37.77778],[-122.181829,37.778134],[-122.181614,37.778398],[-122.181402,37.778664],[-122.181195,37.778933],[-122.180992,37.779203],[-122.180965,37.779245],[-122.180936,37.779285],[-122.180904,37.779324],[-122.180872,37.779362],[-122.180837,37.7794],[-122.180801,37.779436],[-122.180762,37.779471],[-122.180723,37.779506],[-122.180682,37.779538],[-122.18064,37.77957],[-122.180596,37.7796],[-122.18055,37.779629],[-122.1805,37.779658],[-122.18045,37.779685],[-122.180399,37.779711],[-122.180346,37.779736],[-122.180293,37.779759],[-122.180238,37.77978],[-122.180181,37.7798],[-122.180125,37.779818],[-122.180068,37.779834],[-122.180009,37.779848],[-122.179951,37.779861],[-122.179892,37.779872],[-122.179832,37.77988],[-122.179773,37.779887],[-122.179715,37.779893],[-122.179654,37.779897],[-122.179594,37.7799],[-122.179535,37.779902],[-122.179474,37.779902],[-122.179414,37.779901],[-122.178287,37.779893],[-122.178173,37.779892],[-122.178057,37.779893],[-122.177943,37.779895],[-122.177827,37.7799],[-122.177713,37.779906],[-122.177599,37.779913],[-122.177483,37.779922],[-122.177369,37.779932],[-122.177255,37.779944],[-122.177141,37.779957],[-122.176989,37.779979],[-122.175067,37.780257],[-122.173802,37.780437],[-122.173778,37.780273],[-122.173735,37.780293],[-122.173679,37.780298],[-122.173612,37.780298],[-122.173551,37.780291],[-122.173492,37.780277],[-122.173431,37.780255],[-122.172503,37.779905],[-122.172407,37.779869],[-122.172312,37.779834],[-122.172217,37.7798],[-122.172119,37.779767],[-122.172021,37.779735],[-122.171924,37.779704],[-122.171063,37.779385],[-122.170971,37.779346],[-122.170878,37.779307],[-122.170787,37.779266],[-122.170696,37.779224],[-122.170605,37.779182],[-122.170516,37.779138],[-122.16971,37.778742],[-122.168743,37.778377]]]]}},{"type":"Feature","properties":{"nhood":"30X"},"geometry":{"type":"MultiPolygon","coordinates":[[[[-122.182012,37.76963],[-122.181836,37.769595],[-122.181491,37.769551],[-122.181428,37.769534],[-122.181364,37.769515],[-122.181303,37.769494],[-122.181242,37.769472],[-122.181181,37.769447],[-122.181123,37.769421],[-122.181065,37.769393],[-122.181009,37.769363],[-122.180955,37.769332],[-122.180902,37.769298],[-122.180851,37.769263],[-122.180802,37.769227],[-122.180755,37.769189],[-122.18071,37.769149],[-122.180165,37.768619],[-122.17969,37.768158],[-122.179585,37.768055],[-122.178262,37.766748],[-122.177754,37.766248],[-122.177687,37.766186],[-122.177616,37.766126],[-122.177546,37.766068],[-122.177472,37.76601],[-122.177398,37.765954],[-122.17732,37.765899],[-122.177141,37.765764],[-122.176131,37.765195],[-122.176058,37.765155],[-122.175988,37.765113],[-122.175916,37.765071],[-122.175847,37.765028],[-122.175779,37.764984],[-122.17571,37.764939],[-122.175631,37.764881],[-122.175552,37.764821],[-122.175476,37.764761],[-122.175402,37.764698],[-122.175328,37.764634],[-122.175259,37.764569],[-122.17519,37.764502],[-122.175123,37.764435],[-122.174578,37.7639],[-122.174038,37.763366],[-122.173287,37.762632],[-122.173066,37.762416],[-122.172717,37.762072],[-122.171954,37.761376],[-122.171917,37.761345],[-122.171338,37.760846],[-122.171294,37.76081],[-122.171254,37.760772],[-122.171213,37.760733],[-122.171172,37.760694],[-122.1711,37.76062],[-122.171027,37.760545],[-122.170958,37.760469],[-122.17089,37.760392],[-122.170826,37.760313],[-122.170762,37.760234],[-122.170577,37.759986],[-122.171715,37.759435],[-122.172192,37.759201],[-122.172309,37.759147],[-122.173198,37.758716],[-122.174018,37.75832],[-122.175729,37.75749],[-122.177446,37.756663],[-122.177923,37.756433],[-122.17896,37.755932],[-122.179359,37.755745],[-122.179595,37.755636],[-122.179807,37.755739],[-122.180611,37.756132],[-122.181659,37.756623],[-122.18176,37.756669],[-122.182533,37.757036],[-122.182764,37.757138],[-122.183521,37.757504],[-122.183589,37.757532],[-122.184079,37.757762],[-122.184458,37.75795],[-122.184804,37.75811],[-122.184958,37.758193],[-122.185543,37.758459],[-122.185612,37.75849],[-122.186268,37.758811],[-122.187045,37.759179],[-122.187594,37.759438],[-122.187926,37.759594],[-122.188216,37.759741],[-122.188702,37.759965],[-122.189091,37.760157],[-122.189479,37.760336],[-122.189598,37.7604],[-122.190259,37.760707],[-122.190352,37.760757],[-122.191014,37.761072],[-122.1911,37.761114],[-122.191896,37.761489],[-122.192915,37.761974],[-122.193302,37.762147],[-122.193757,37.762375],[-122.190737,37.764322],[-122.190702,37.76435],[-122.190668,37.764379],[-122.190637,37.76441],[-122.190607,37.764442],[-122.19058,37.764474],[-122.190556,37.764509],[-122.190508,37.764605],[-122.190447,37.764702],[-122.190414,37.764752],[-122.190374,37.7648],[-122.190341,37.764833],[-122.190302,37.764864],[-122.189858,37.765151],[-122.187949,37.766379],[-122.187582,37.766615],[-122.185017,37.768263],[-122.183812,37.769038],[-122.183448,37.769274],[-122.183399,37.769318],[-122.183374,37.769355],[-122.183351,37.769405],[-122.183265,37.769785],[-122.18218,37.769645],[-122.182012,37.76963]]]]}},{"type":"Feature","properties":{"nhood":"30Y"},"geometry":{"type":"MultiPolygon","coordinates":[[[[-122.156872,37.7715],[-122.156537,37.771226],[-122.156459,37.771161],[-122.156415,37.771124],[-122.156274,37.771007],[-122.156205,37.770949],[-122.156104,37.770862],[-122.155877,37.770669],[-122.155685,37.770501],[-122.155554,37.770386],[-122.155507,37.770351],[-122.155461,37.770314],[-122.155395,37.770258],[-122.155332,37.770197],[-122.15529,37.770152],[-122.155253,37.770109],[-122.15522,37.77007],[-122.155185,37.770023],[-122.155154,37.76998],[-122.155125,37.769933],[-122.155097,37.769888],[-122.155057,37.769827],[-122.154982,37.76971],[-122.154916,37.769609],[-122.154348,37.768754],[-122.154039,37.768742],[-122.153727,37.768731],[-122.153656,37.768728],[-122.153322,37.768716],[-122.153545,37.768451],[-122.153711,37.768254],[-122.15395,37.767969],[-122.156125,37.766944],[-122.157529,37.766281],[-122.15874,37.765725],[-122.159125,37.765531],[-122.159196,37.765495],[-122.159286,37.76545],[-122.159932,37.76513],[-122.16086,37.764688],[-122.161434,37.764399],[-122.162294,37.763994],[-122.16255,37.763867],[-122.16293,37.763686],[-122.163585,37.763381],[-122.164034,37.76315],[-122.164258,37.763006],[-122.164807,37.762738],[-122.164901,37.762688],[-122.165009,37.762619],[-122.165621,37.762331],[-122.166173,37.762076],[-122.16688,37.761744],[-122.167607,37.761406],[-122.168741,37.760875],[-122.169091,37.760705],[-122.170377,37.760084],[-122.170577,37.759986],[-122.170762,37.760234],[-122.170826,37.760313],[-122.17089,37.760392],[-122.170958,37.760469],[-122.171027,37.760545],[-122.1711,37.76062],[-122.171172,37.760694],[-122.171213,37.760733],[-122.171254,37.760772],[-122.171294,37.76081],[-122.171338,37.760846],[-122.171917,37.761345],[-122.171954,37.761376],[-122.172717,37.762072],[-122.173066,37.762416],[-122.173287,37.762632],[-122.174038,37.763366],[-122.174578,37.7639],[-122.175123,37.764435],[-122.17519,37.764502],[-122.175259,37.764569],[-122.175328,37.764634],[-122.175402,37.764698],[-122.175476,37.764761],[-122.175552,37.764821],[-122.175631,37.764881],[-122.17571,37.764939],[-122.175779,37.764984],[-122.175847,37.765028],[-122.175916,37.765071],[-122.175988,37.765113],[-122.176058,37.765155],[-122.176131,37.765195],[-122.177141,37.765764],[-122.17732,37.765899],[-122.177398,37.765954],[-122.177472,37.76601],[-122.177546,37.766068],[-122.177616,37.766126],[-122.177687,37.766186],[-122.177754,37.766248],[-122.178262,37.766748],[-122.179585,37.768055],[-122.17969,37.768158],[-122.180165,37.768619],[-122.18071,37.769149],[-122.180755,37.769189],[-122.180802,37.769227],[-122.180851,37.769263],[-122.180902,37.769298],[-122.180955,37.769332],[-122.181009,37.769363],[-122.181065,37.769393],[-122.181123,37.769421],[-122.181181,37.769447],[-122.181242,37.769472],[-122.181303,37.769494],[-122.181364,37.769515],[-122.181428,37.769534],[-122.181491,37.769551],[-122.181836,37.769595],[-122.182012,37.76963],[-122.181845,37.770421],[-122.179636,37.770134],[-122.178485,37.769973],[-122.177862,37.769895],[-122.17742,37.76984],[-122.175955,37.769633],[-122.173437,37.769307],[-122.173305,37.76929],[-122.17321,37.76928],[-122.173113,37.769269],[-122.173016,37.769257],[-122.172898,37.769241],[-122.172812,37.769229],[-122.172725,37.769223],[-122.172637,37.769223],[-122.172547,37.769226],[-122.172452,37.769221],[-122.172359,37.76921],[-122.172267,37.769194],[-122.172199,37.769177],[-122.172132,37.769156],[-122.172045,37.769125],[-122.171603,37.769368],[-122.171528,37.769414],[-122.171454,37.769462],[-122.171381,37.769511],[-122.171311,37.769561],[-122.171241,37.769612],[-122.171172,37.769664],[-122.171105,37.769717],[-122.171039,37.769771],[-122.170975,37.769826],[-122.17091,37.769883],[-122.169976,37.770735],[-122.169941,37.770775],[-122.169905,37.770815],[-122.169873,37.770856],[-122.169843,37.770897],[-122.169813,37.770939],[-122.169786,37.770982],[-122.169759,37.771025],[-122.169736,37.771069],[-122.169713,37.771113],[-122.169693,37.771158],[-122.169056,37.772372],[-122.169028,37.772427],[-122.168921,37.772514],[-122.168115,37.772748],[-122.167324,37.772976],[-122.167298,37.772901],[-122.167275,37.772825],[-122.167253,37.772749],[-122.167235,37.772698],[-122.167214,37.772648],[-122.167193,37.772599],[-122.167169,37.77255],[-122.167144,37.7725],[-122.167118,37.772452],[-122.167089,37.772402],[-122.167061,37.772357],[-122.16703,37.77231],[-122.166998,37.772264],[-122.166962,37.772208],[-122.166925,37.772152],[-122.166885,37.772098],[-122.166844,37.772044],[-122.166802,37.771991],[-122.166757,37.771939],[-122.166711,37.771888],[-122.166663,37.771838],[-122.166615,37.771788],[-122.166564,37.77174],[-122.166513,37.771693],[-122.166458,37.771647],[-122.165941,37.772109],[-122.165881,37.772145],[-122.165848,37.772195],[-122.1658,37.772237],[-122.165753,37.772278],[-122.165703,37.772319],[-122.165654,37.772359],[-122.165573,37.772414],[-122.165514,37.772453],[-122.165441,37.772498],[-122.165368,37.772542],[-122.165292,37.772584],[-122.165217,37.772624],[-122.164611,37.772966],[-122.164518,37.773013],[-122.163841,37.773383],[-122.163797,37.773409],[-122.163753,37.773437],[-122.16371,37.773466],[-122.163667,37.773495],[-122.163627,37.773526],[-122.163588,37.773558],[-122.163547,37.773594],[-122.163506,37.773631],[-122.163469,37.77367],[-122.163433,37.77371],[-122.1634,37.773751],[-122.16337,37.773793],[-122.163341,37.773836],[-122.163314,37.773881],[-122.16329,37.773926],[-122.163268,37.773971],[-122.163166,37.774201],[-122.163125,37.774293],[-122.162926,37.774757],[-122.162884,37.774814],[-122.162839,37.774855],[-122.162769,37.774902],[-122.162451,37.775054],[-122.15994,37.773772],[-122.159178,37.773208],[-122.158965,37.77305],[-122.158681,37.77284],[-122.156872,37.7715]]]]}},{"type":"Feature","properties":{"nhood":"31X"},"geometry":{"type":"MultiPolygon","coordinates":[[[[-122.195343,37.752155],[-122.19601,37.75144],[-122.196037,37.751403],[-122.196062,37.751365],[-122.196086,37.751327],[-122.196105,37.751289],[-122.19613,37.751239],[-122.196152,37.75119],[-122.196171,37.751139],[-122.196191,37.751088],[-122.19623,37.75093],[-122.196265,37.750779],[-122.196302,37.750596],[-122.196315,37.750534],[-122.196326,37.750472],[-122.196334,37.75041],[-122.19634,37.750347],[-122.196345,37.750285],[-122.196347,37.750222],[-122.196348,37.75016],[-122.196346,37.750097],[-122.196343,37.750009],[-122.196316,37.749359],[-122.196231,37.748811],[-122.196115,37.748145],[-122.196073,37.747886],[-122.19604,37.747682],[-122.196025,37.747608],[-122.196,37.747415],[-122.195988,37.747351],[-122.195976,37.747288],[-122.195968,37.747224],[-122.195961,37.74716],[-122.195958,37.747096],[-122.195955,37.747031],[-122.195955,37.746967],[-122.195957,37.746903],[-122.195953,37.746798],[-122.19595,37.746695],[-122.195952,37.74659],[-122.195956,37.746486],[-122.195954,37.746149],[-122.195955,37.745813],[-122.195955,37.745474],[-122.19596,37.745141],[-122.195981,37.744713],[-122.195998,37.74452],[-122.196072,37.743669],[-122.196086,37.743525],[-122.196098,37.743381],[-122.196107,37.743236],[-122.196114,37.743092],[-122.196117,37.742947],[-122.196119,37.742803],[-122.196118,37.742658],[-122.196114,37.742514],[-122.196241,37.740939],[-122.196268,37.740606],[-122.196272,37.740558],[-122.196294,37.740357],[-122.196305,37.740244],[-122.196368,37.73962],[-122.196386,37.739473],[-122.196405,37.739325],[-122.196414,37.739262],[-122.196426,37.739178],[-122.196449,37.739025],[-122.196473,37.738883],[-122.196499,37.738736],[-122.196632,37.737984],[-122.196736,37.737223],[-122.196748,37.73714],[-122.196848,37.737029],[-122.196874,37.737],[-122.196877,37.736885],[-122.196877,37.736825],[-122.1969,37.736711],[-122.196925,37.736598],[-122.19695,37.736485],[-122.196977,37.736372],[-122.197009,37.736264],[-122.197043,37.736158],[-122.197081,37.736051],[-122.197121,37.735946],[-122.197253,37.735667],[-122.197853,37.734346],[-122.198189,37.733621],[-122.198245,37.7335],[-122.198565,37.732816],[-122.199138,37.731584],[-122.19957,37.730805],[-122.200215,37.729645],[-122.201027,37.728207],[-122.201158,37.727965],[-122.201182,37.72792],[-122.201206,37.727865],[-122.201233,37.727809],[-122.201261,37.727754],[-122.201289,37.727699],[-122.201319,37.727645],[-122.201349,37.727591],[-122.20139,37.727498],[-122.201427,37.727404],[-122.201463,37.72731],[-122.201497,37.727216],[-122.201524,37.727133],[-122.201557,37.727025],[-122.201576,37.726964],[-122.201594,37.726903],[-122.20161,37.726841],[-122.201622,37.726778],[-122.201631,37.726716],[-122.20164,37.726653],[-122.201644,37.72659],[-122.201648,37.726527],[-122.2011,37.726312],[-122.201033,37.726277],[-122.200965,37.726244],[-122.200897,37.726211],[-122.200827,37.72618],[-122.200757,37.72615],[-122.200686,37.726122],[-122.200614,37.726095],[-122.200541,37.726069],[-122.200438,37.726039],[-122.200337,37.726008],[-122.200236,37.725976],[-122.200135,37.725942],[-122.200036,37.725906],[-122.199938,37.725869],[-122.199865,37.72584],[-122.199795,37.725809],[-122.199725,37.725776],[-122.199655,37.725742],[-122.199499,37.72565],[-122.19733,37.724493],[-122.197262,37.724454],[-122.197258,37.724447],[-122.19677,37.723646],[-122.196927,37.723327],[-122.195386,37.722197],[-122.194422,37.721398],[-122.191212,37.718741],[-122.190565,37.718135],[-122.194015,37.717199],[-122.194317,37.717905],[-122.19538,37.717594],[-122.195216,37.716083],[-122.197316,37.716078],[-122.20305,37.711598],[-122.206424,37.710895],[-122.210542,37.710037],[-122.204187,37.698139],[-122.201996,37.689624],[-122.196858,37.68101],[-122.195697,37.681627],[-122.182062,37.671525],[-122.175272,37.670773],[-122.219945,37.632753],[-122.281283,37.708104],[-122.25268,37.708285],[-122.249109,37.711771],[-122.263004,37.720392],[-122.263666,37.720803],[-122.253339,37.728815],[-122.250642,37.730871],[-122.244976,37.725457],[-122.243922,37.724981],[-122.239633,37.722022],[-122.239537,37.721963],[-122.237584,37.72077],[-122.233003,37.71797],[-122.230216,37.720878],[-122.225034,37.726284],[-122.224434,37.726909],[-122.222608,37.726672],[-122.224583,37.737206],[-122.225135,37.7424],[-122.226744,37.745246],[-122.226543,37.745388],[-122.225207,37.746756],[-122.224757,37.748405],[-122.223308,37.751262],[-122.22329,37.751978],[-122.223519,37.754387],[-122.216699,37.751358],[-122.214756,37.751394],[-122.214567,37.751398],[-122.214293,37.751402],[-122.21057,37.752895],[-122.210469,37.752946],[-122.209995,37.753169],[-122.209483,37.753385],[-122.209102,37.753529],[-122.208555,37.753743],[-122.208362,37.753818],[-122.20818,37.753888],[-122.208008,37.753955],[-122.207749,37.754055],[-122.207681,37.754082],[-122.207561,37.754129],[-122.207184,37.754268],[-122.206612,37.754461],[-122.206183,37.754633],[-122.205329,37.755],[-122.204538,37.755384],[-122.204395,37.755453],[-122.20434,37.75548],[-122.204272,37.75551],[-122.204223,37.755529],[-122.204165,37.755551],[-122.204105,37.755571],[-122.204043,37.75559],[-122.203482,37.755777],[-122.202925,37.755993],[-122.200771,37.756826],[-122.200311,37.756435],[-122.19923,37.755461],[-122.198876,37.755143],[-122.197836,37.754221],[-122.197812,37.754199],[-122.196573,37.753109],[-122.19625,37.752846],[-122.195819,37.752518],[-122.195741,37.75246],[-122.195706,37.752434],[-122.195382,37.752189],[-122.195343,37.752155]]],[[[-122.229193,37.729014],[-122.229277,37.728586],[-122.230362,37.728631],[-122.230375,37.72918],[-122.229682,37.729109],[-122.229193,37.729014]]]]}},{"type":"Feature","properties":{"nhood":"31Y"},"geometry":{"type":"MultiPolygon","coordinates":[[[[-122.19235,37.749765],[-122.19172,37.749226],[-122.191325,37.748895],[-122.190601,37.748284],[-122.189114,37.747035],[-122.188217,37.746283],[-122.186418,37.74478],[-122.186276,37.744659],[-122.184713,37.743344],[-122.183201,37.742075],[-122.180077,37.739454],[-122.179848,37.739258],[-122.179752,37.739176],[-122.179812,37.739118],[-122.179869,37.739064],[-122.17993,37.73901],[-122.179991,37.738957],[-122.180056,37.738904],[-122.18012,37.738853],[-122.180187,37.738803],[-122.180253,37.738754],[-122.180873,37.738275],[-122.181751,37.737607],[-122.179599,37.735917],[-122.179293,37.734699],[-122.179511,37.73432],[-122.179377,37.733645],[-122.180161,37.732394],[-122.180363,37.731848],[-122.181411,37.732221],[-122.182594,37.731704],[-122.182822,37.731712],[-122.182966,37.731725],[-122.183545,37.731778],[-122.184254,37.731857],[-122.18515,37.731958],[-122.186541,37.732129],[-122.186763,37.732144],[-122.187091,37.732188],[-122.188198,37.731768],[-122.188435,37.731678],[-122.188623,37.731607],[-122.189275,37.73136],[-122.188224,37.730675],[-122.183568,37.72553],[-122.184165,37.725546],[-122.184436,37.725602],[-122.186147,37.726932],[-122.186775,37.727658],[-122.187201,37.7279],[-122.187806,37.728053],[-122.188476,37.728463],[-122.189214,37.728671],[-122.190603,37.729062],[-122.19123,37.728191],[-122.191323,37.72806],[-122.191615,37.728208],[-122.192232,37.727351],[-122.193143,37.727767],[-122.196203,37.725539],[-122.19632,37.72554],[-122.196901,37.726196],[-122.198119,37.725863],[-122.197262,37.724454],[-122.19733,37.724493],[-122.199499,37.72565],[-122.199655,37.725742],[-122.199725,37.725776],[-122.199795,37.725809],[-122.199865,37.72584],[-122.199938,37.725869],[-122.200036,37.725906],[-122.200135,37.725942],[-122.200236,37.725976],[-122.200337,37.726008],[-122.200438,37.726039],[-122.200541,37.726069],[-122.200614,37.726095],[-122.200686,37.726122],[-122.200757,37.72615],[-122.200827,37.72618],[-122.200897,37.726211],[-122.200965,37.726244],[-122.201033,37.726277],[-122.2011,37.726312],[-122.201648,37.726527],[-122.201644,37.72659],[-122.20164,37.726653],[-122.201631,37.726716],[-122.201622,37.726778],[-122.20161,37.726841],[-122.201594,37.726903],[-122.201576,37.726964],[-122.201557,37.727025],[-122.201524,37.727133],[-122.201497,37.727216],[-122.201463,37.72731],[-122.201427,37.727404],[-122.20139,37.727498],[-122.201349,37.727591],[-122.201319,37.727645],[-122.201289,37.727699],[-122.201261,37.727754],[-122.201233,37.727809],[-122.201206,37.727865],[-122.201182,37.72792],[-122.201158,37.727965],[-122.201027,37.728207],[-122.200215,37.729645],[-122.19957,37.730805],[-122.199138,37.731584],[-122.198565,37.732816],[-122.198245,37.7335],[-122.198189,37.733621],[-122.197853,37.734346],[-122.197253,37.735667],[-122.197121,37.735946],[-122.197081,37.736051],[-122.197043,37.736158],[-122.197009,37.736264],[-122.196977,37.736372],[-122.19695,37.736485],[-122.196925,37.736598],[-122.1969,37.736711],[-122.196877,37.736825],[-122.196877,37.736885],[-122.196874,37.737],[-122.196848,37.737029],[-122.196748,37.73714],[-122.196736,37.737223],[-122.196632,37.737984],[-122.196499,37.738736],[-122.196473,37.738883],[-122.196449,37.739025],[-122.196426,37.739178],[-122.196414,37.739262],[-122.196405,37.739325],[-122.196386,37.739473],[-122.196368,37.73962],[-122.196305,37.740244],[-122.196294,37.740357],[-122.196272,37.740558],[-122.196268,37.740606],[-122.196241,37.740939],[-122.196114,37.742514],[-122.196118,37.742658],[-122.196119,37.742803],[-122.196117,37.742947],[-122.196114,37.743092],[-122.196107,37.743236],[-122.196098,37.743381],[-122.196086,37.743525],[-122.196072,37.743669],[-122.195998,37.74452],[-122.195981,37.744713],[-122.19596,37.745141],[-122.195955,37.745474],[-122.195955,37.745813],[-122.195954,37.746149],[-122.195956,37.746486],[-122.195952,37.74659],[-122.19595,37.746695],[-122.195953,37.746798],[-122.195957,37.746903],[-122.195955,37.746967],[-122.195955,37.747031],[-122.195958,37.747096],[-122.195961,37.74716],[-122.195968,37.747224],[-122.195976,37.747288],[-122.195988,37.747351],[-122.196,37.747415],[-122.196025,37.747608],[-122.19604,37.747682],[-122.196073,37.747886],[-122.196115,37.748145],[-122.196231,37.748811],[-122.196316,37.749359],[-122.196343,37.750009],[-122.196346,37.750097],[-122.196348,37.75016],[-122.196347,37.750222],[-122.196345,37.750285],[-122.19634,37.750347],[-122.196334,37.75041],[-122.196326,37.750472],[-122.196315,37.750534],[-122.196302,37.750596],[-122.196265,37.750779],[-122.19623,37.75093],[-122.196191,37.751088],[-122.196171,37.751139],[-122.196152,37.75119],[-122.19613,37.751239],[-122.196105,37.751289],[-122.196086,37.751327],[-122.196062,37.751365],[-122.196037,37.751403],[-122.19601,37.75144],[-122.195343,37.752155],[-122.194799,37.751719],[-122.194166,37.75121],[-122.193779,37.750902],[-122.192722,37.750061],[-122.19235,37.749765]]]]}},{"type":"Feature","properties":{"nhood":"31Z"},"geometry":{"type":"MultiPolygon","coordinates":[[[[-122.170583,37.732022],[-122.170682,37.731976],[-122.17086,37.731894],[-122.171277,37.731819],[-122.174193,37.731293],[-122.175368,37.731887],[-122.171392,37.728458],[-122.171087,37.728221],[-122.170766,37.727929],[-122.171814,37.728117],[-122.172321,37.727812],[-122.172491,37.727513],[-122.172722,37.727259],[-122.172951,37.726981],[-122.173303,37.726781],[-122.17406,37.726765],[-122.174563,37.726763],[-122.175316,37.726048],[-122.175657,37.725432],[-122.17595,37.725334],[-122.176502,37.725354],[-122.177509,37.72539],[-122.178397,37.725425],[-122.179082,37.725347],[-122.179497,37.725299],[-122.179749,37.725508],[-122.180298,37.72582],[-122.180673,37.725831],[-122.181084,37.725715],[-122.181649,37.725461],[-122.182774,37.725508],[-122.183037,37.725515],[-122.183274,37.725521],[-122.183568,37.72553],[-122.188224,37.730675],[-122.189275,37.73136],[-122.188623,37.731607],[-122.188435,37.731678],[-122.188198,37.731768],[-122.187091,37.732188],[-122.186763,37.732144],[-122.186541,37.732129],[-122.18515,37.731958],[-122.184254,37.731857],[-122.183545,37.731778],[-122.182966,37.731725],[-122.182822,37.731712],[-122.182594,37.731704],[-122.181411,37.732221],[-122.180363,37.731848],[-122.180161,37.732394],[-122.179377,37.733645],[-122.179511,37.73432],[-122.179293,37.734699],[-122.179599,37.735917],[-122.181751,37.737607],[-122.180873,37.738275],[-122.180253,37.738754],[-122.180187,37.738803],[-122.18012,37.738853],[-122.180056,37.738904],[-122.179991,37.738957],[-122.17993,37.73901],[-122.179869,37.739064],[-122.179812,37.739118],[-122.179752,37.739176],[-122.179573,37.739031],[-122.179393,37.738886],[-122.179213,37.73874],[-122.179035,37.738594],[-122.178637,37.738276],[-122.178438,37.738118],[-122.178359,37.738052],[-122.178278,37.737987],[-122.178195,37.737923],[-122.178112,37.73786],[-122.178028,37.737798],[-122.177944,37.737736],[-122.177861,37.737665],[-122.177776,37.737594],[-122.17769,37.737525],[-122.177604,37.737457],[-122.177514,37.73739],[-122.177424,37.737324],[-122.177333,37.737259],[-122.177241,37.737196],[-122.176438,37.736515],[-122.176374,37.73646],[-122.176309,37.736406],[-122.176244,37.736352],[-122.176177,37.736299],[-122.17611,37.736248],[-122.176039,37.736197],[-122.175969,37.736147],[-122.175899,37.736098],[-122.175818,37.736038],[-122.175737,37.73598],[-122.175655,37.735922],[-122.175579,37.735868],[-122.175486,37.735811],[-122.1754,37.735757],[-122.175312,37.735705],[-122.175223,37.735653],[-122.175134,37.735604],[-122.175043,37.735555],[-122.174945,37.73551],[-122.174841,37.735461],[-122.174749,37.735417],[-122.174653,37.735368],[-122.174558,37.735318],[-122.174466,37.735267],[-122.174373,37.735214],[-122.174282,37.73516],[-122.174225,37.735126],[-122.174171,37.73509],[-122.174117,37.735053],[-122.174064,37.735014],[-122.174015,37.734975],[-122.173965,37.734935],[-122.173123,37.734219],[-122.172658,37.733861],[-122.17241,37.733669],[-122.172071,37.733375],[-122.171394,37.732802],[-122.170501,37.73206],[-122.170583,37.732022]]],[[[-122.192051,37.713989],[-122.192963,37.713918],[-122.193004,37.714118],[-122.193036,37.714254],[-122.193093,37.714434],[-122.192161,37.714519],[-122.192051,37.713989]]]]}},{"type":"Feature","properties":{"nhood":"32X"},"geometry":{"type":"MultiPolygon","coordinates":[[[[-122.179752,37.739176],[-122.178597,37.740076],[-122.177866,37.740634],[-122.177109,37.741207],[-122.176975,37.7413],[-122.176934,37.74133],[-122.176905,37.741349],[-122.176874,37.741366],[-122.176828,37.74139],[-122.176574,37.741511],[-122.175676,37.741921],[-122.174781,37.74235],[-122.173886,37.742764],[-122.173006,37.743192],[-122.17224,37.743557],[-122.17054,37.744353],[-122.169437,37.744898],[-122.168402,37.74537],[-122.16833,37.745403],[-122.167251,37.745901],[-122.166176,37.746406],[-122.165101,37.746906],[-122.164193,37.745676],[-122.163773,37.745108],[-122.163656,37.744943],[-122.163204,37.744294],[-122.162917,37.74358],[-122.162647,37.742875],[-122.162427,37.742313],[-122.162372,37.742169],[-122.162091,37.741441],[-122.161816,37.740741],[-122.160544,37.741014],[-122.16011,37.74048],[-122.1596,37.739872],[-122.159204,37.739405],[-122.159085,37.739265],[-122.158781,37.738606],[-122.158562,37.738115],[-122.158537,37.738063],[-122.158537,37.738063],[-122.158601,37.738045],[-122.15861,37.738043],[-122.158726,37.73801],[-122.158781,37.737992],[-122.15901,37.737931],[-122.159145,37.737895],[-122.159283,37.737854],[-122.159403,37.73782],[-122.159424,37.737814],[-122.15966,37.737749],[-122.159844,37.737698],[-122.159903,37.737682],[-122.160046,37.737643],[-122.160298,37.737577],[-122.160372,37.737557],[-122.160703,37.737471],[-122.160844,37.737432],[-122.160895,37.737417],[-122.160901,37.737414],[-122.160939,37.737396],[-122.161197,37.737276],[-122.161611,37.737082],[-122.16184,37.736975],[-122.161968,37.736915],[-122.162129,37.73684],[-122.16262,37.73661],[-122.162718,37.736564],[-122.163459,37.736218],[-122.164081,37.735931],[-122.164136,37.735909],[-122.164202,37.735878],[-122.164282,37.73585],[-122.16442,37.735797],[-122.164466,37.735874],[-122.165544,37.737335],[-122.165841,37.737757],[-122.17058,37.735588],[-122.171886,37.73499],[-122.17052,37.732894],[-122.170061,37.73219],[-122.17024,37.732109],[-122.170499,37.731992],[-122.170531,37.731978],[-122.170583,37.732022],[-122.170501,37.73206],[-122.171394,37.732802],[-122.172071,37.733375],[-122.17241,37.733669],[-122.172658,37.733861],[-122.173123,37.734219],[-122.173965,37.734935],[-122.174015,37.734975],[-122.174064,37.735014],[-122.174117,37.735053],[-122.174171,37.73509],[-122.174225,37.735126],[-122.174282,37.73516],[-122.174373,37.735214],[-122.174466,37.735267],[-122.174558,37.735318],[-122.174653,37.735368],[-122.174749,37.735417],[-122.174841,37.735461],[-122.174945,37.73551],[-122.175043,37.735555],[-122.175134,37.735604],[-122.175223,37.735653],[-122.175312,37.735705],[-122.1754,37.735757],[-122.175486,37.735811],[-122.175579,37.735868],[-122.175655,37.735922],[-122.175737,37.73598],[-122.175818,37.736038],[-122.175899,37.736098],[-122.175969,37.736147],[-122.176039,37.736197],[-122.17611,37.736248],[-122.176177,37.736299],[-122.176244,37.736352],[-122.176309,37.736406],[-122.176374,37.73646],[-122.176438,37.736515],[-122.177241,37.737196],[-122.177333,37.737259],[-122.177424,37.737324],[-122.177514,37.73739],[-122.177604,37.737457],[-122.17769,37.737525],[-122.177776,37.737594],[-122.177861,37.737665],[-122.177944,37.737736],[-122.178028,37.737798],[-122.178112,37.73786],[-122.178195,37.737923],[-122.178278,37.737987],[-122.178359,37.738052],[-122.178438,37.738118],[-122.178637,37.738276],[-122.179035,37.738594],[-122.179213,37.73874],[-122.179393,37.738886],[-122.179573,37.739031],[-122.179752,37.739176]]]]}},{"type":"Feature","properties":{"nhood":"32Y"},"geometry":{"type":"MultiPolygon","coordinates":[[[[-122.150839,37.753476],[-122.150872,37.753444],[-122.150927,37.753386],[-122.150968,37.753339],[-122.151007,37.753291],[-122.151044,37.753242],[-122.151079,37.753192],[-122.151122,37.753126],[-122.151162,37.753058],[-122.151202,37.75299],[-122.151239,37.752921],[-122.151274,37.752852],[-122.151307,37.752781],[-122.151338,37.75271],[-122.151371,37.752622],[-122.151385,37.752583],[-122.151403,37.752546],[-122.15144,37.752466],[-122.151466,37.752387],[-122.151482,37.752327],[-122.151496,37.752266],[-122.15151,37.752205],[-122.151521,37.752144],[-122.151531,37.752082],[-122.151539,37.75202],[-122.151546,37.751959],[-122.151555,37.751892],[-122.151562,37.751826],[-122.151567,37.751759],[-122.151571,37.751692],[-122.151573,37.751625],[-122.151573,37.751558],[-122.151574,37.751491],[-122.15157,37.751425],[-122.151567,37.751348],[-122.151562,37.751271],[-122.151555,37.751194],[-122.151548,37.751117],[-122.151536,37.751033],[-122.151524,37.750962],[-122.151512,37.750891],[-122.151496,37.750821],[-122.151479,37.750751],[-122.151459,37.750681],[-122.151442,37.750629],[-122.151389,37.750485],[-122.151379,37.750279],[-122.151351,37.750217],[-122.151333,37.750177],[-122.151315,37.750137],[-122.15126,37.750017],[-122.151203,37.749898],[-122.151144,37.74978],[-122.151085,37.749666],[-122.151004,37.749504],[-122.150926,37.749345],[-122.150846,37.749177],[-122.150773,37.749026],[-122.150654,37.748781],[-122.150451,37.748511],[-122.150334,37.748321],[-122.150226,37.748125],[-122.150017,37.747734],[-122.149921,37.747559],[-122.149825,37.747384],[-122.149732,37.747207],[-122.149639,37.747031],[-122.149596,37.746943],[-122.149552,37.746855],[-122.149507,37.746768],[-122.14946,37.746681],[-122.149412,37.746594],[-122.149361,37.746508],[-122.149322,37.746438],[-122.149279,37.74637],[-122.149236,37.746302],[-122.149189,37.746235],[-122.149141,37.746168],[-122.149093,37.746102],[-122.149045,37.746038],[-122.148997,37.745974],[-122.148947,37.74591],[-122.148897,37.745847],[-122.148846,37.745784],[-122.148792,37.745722],[-122.148734,37.745658],[-122.148675,37.745593],[-122.148617,37.745528],[-122.148558,37.745463],[-122.1485,37.745399],[-122.148441,37.745334],[-122.147564,37.744163],[-122.147142,37.743601],[-122.146629,37.742914],[-122.146512,37.742473],[-122.146599,37.742363],[-122.146685,37.742251],[-122.146771,37.742139],[-122.146855,37.742027],[-122.146937,37.741913],[-122.147002,37.741821],[-122.146521,37.741997],[-122.146521,37.741997],[-122.146566,37.741937],[-122.14665,37.741821],[-122.146729,37.741722],[-122.147128,37.741574],[-122.147402,37.741256],[-122.147437,37.741215],[-122.147527,37.741111],[-122.148559,37.740801],[-122.14923,37.740626],[-122.150982,37.740167],[-122.15327,37.739539],[-122.155016,37.73905],[-122.156141,37.738735],[-122.157,37.738494],[-122.158537,37.738063],[-122.158562,37.738115],[-122.158781,37.738606],[-122.159085,37.739265],[-122.159204,37.739405],[-122.1596,37.739872],[-122.16011,37.74048],[-122.160544,37.741014],[-122.161816,37.740741],[-122.162091,37.741441],[-122.162372,37.742169],[-122.162427,37.742313],[-122.162647,37.742875],[-122.162917,37.74358],[-122.163204,37.744294],[-122.163656,37.744943],[-122.163773,37.745108],[-122.164193,37.745676],[-122.165101,37.746906],[-122.164021,37.747407],[-122.162948,37.747905],[-122.162652,37.748043],[-122.162573,37.74808],[-122.161967,37.748362],[-122.161717,37.748476],[-122.161402,37.748623],[-122.160821,37.748896],[-122.159986,37.749296],[-122.159767,37.749397],[-122.15925,37.749641],[-122.158824,37.749833],[-122.157852,37.750229],[-122.157483,37.750381],[-122.157031,37.750568],[-122.156779,37.750672],[-122.156411,37.750823],[-122.15585,37.751054],[-122.154718,37.751422],[-122.154282,37.751556],[-122.153939,37.751705],[-122.153783,37.751821],[-122.153566,37.752092],[-122.153467,37.752317],[-122.153287,37.752656],[-122.153093,37.753022],[-122.153042,37.75312],[-122.152975,37.753222],[-122.152918,37.753318],[-122.152818,37.753514],[-122.152747,37.753653],[-122.152685,37.753722],[-122.152631,37.753769],[-122.152577,37.753815],[-122.152521,37.753861],[-122.152468,37.753898],[-122.152412,37.753934],[-122.152346,37.753975],[-122.152296,37.754006],[-122.152237,37.754042],[-122.152181,37.754071],[-122.152119,37.754103],[-122.15206,37.754134],[-122.151947,37.754064],[-122.151835,37.753995],[-122.151721,37.753929],[-122.151606,37.753863],[-122.15149,37.7538],[-122.151377,37.75374],[-122.151252,37.753677],[-122.151177,37.753641],[-122.151131,37.753618],[-122.151009,37.753561],[-122.150887,37.753505],[-122.150839,37.753476]]]]}},{"type":"Feature","properties":{"nhood":"33X"},"geometry":{"type":"MultiPolygon","coordinates":[[[[-122.19235,37.749765],[-122.192084,37.749937],[-122.1918,37.750074],[-122.191186,37.750372],[-122.190734,37.750585],[-122.189699,37.751076],[-122.188674,37.751564],[-122.187322,37.752212],[-122.186087,37.752801],[-122.185678,37.752994],[-122.185041,37.753292],[-122.184921,37.753337],[-122.1846,37.753543],[-122.184452,37.753639],[-122.184386,37.753682],[-122.183477,37.754273],[-122.182996,37.754586],[-122.181413,37.75561],[-122.181245,37.755719],[-122.180922,37.755929],[-122.180797,37.756011],[-122.180611,37.756132],[-122.179807,37.755739],[-122.179595,37.755636],[-122.179121,37.755414],[-122.17873,37.755223],[-122.178682,37.755199],[-122.178635,37.755173],[-122.178591,37.755147],[-122.178547,37.755117],[-122.178505,37.755087],[-122.178465,37.755055],[-122.178426,37.755022],[-122.178389,37.754988],[-122.178355,37.754952],[-122.178321,37.754916],[-122.178291,37.754878],[-122.178262,37.754839],[-122.177936,37.75441],[-122.177706,37.754089],[-122.177381,37.753638],[-122.177152,37.753326],[-122.176801,37.752872],[-122.176592,37.752572],[-122.176341,37.752251],[-122.17602,37.751811],[-122.175911,37.751661],[-122.175533,37.751158],[-122.175445,37.751037],[-122.175054,37.750496],[-122.174949,37.750348],[-122.174922,37.750315],[-122.174568,37.749849],[-122.174382,37.749602],[-122.174084,37.749186],[-122.173752,37.748743],[-122.173599,37.748525],[-122.173099,37.74785],[-122.172949,37.74765],[-122.172598,37.747181],[-122.172088,37.74648],[-122.17157,37.74578],[-122.171399,37.74555],[-122.171044,37.745067],[-122.170907,37.744878],[-122.17054,37.744353],[-122.17224,37.743557],[-122.173006,37.743192],[-122.173886,37.742764],[-122.174781,37.74235],[-122.175676,37.741921],[-122.176574,37.741511],[-122.176828,37.74139],[-122.176874,37.741366],[-122.176905,37.741349],[-122.176934,37.74133],[-122.176975,37.7413],[-122.177109,37.741207],[-122.177866,37.740634],[-122.178597,37.740076],[-122.179752,37.739176],[-122.179848,37.739258],[-122.180077,37.739454],[-122.183201,37.742075],[-122.184713,37.743344],[-122.186276,37.744659],[-122.186418,37.74478],[-122.188217,37.746283],[-122.189114,37.747035],[-122.190601,37.748284],[-122.191325,37.748895],[-122.19172,37.749226],[-122.19235,37.749765]]]]}},{"type":"Feature","properties":{"nhood":"34X"},"geometry":{"type":"MultiPolygon","coordinates":[[[[-122.161967,37.748362],[-122.162573,37.74808],[-122.162652,37.748043],[-122.162948,37.747905],[-122.164021,37.747407],[-122.165101,37.746906],[-122.166176,37.746406],[-122.167251,37.745901],[-122.16833,37.745403],[-122.168402,37.74537],[-122.169437,37.744898],[-122.17054,37.744353],[-122.170907,37.744878],[-122.171044,37.745067],[-122.171399,37.74555],[-122.17157,37.74578],[-122.172088,37.74648],[-122.172598,37.747181],[-122.172949,37.74765],[-122.173099,37.74785],[-122.173599,37.748525],[-122.173752,37.748743],[-122.174084,37.749186],[-122.174382,37.749602],[-122.174568,37.749849],[-122.174922,37.750315],[-122.174949,37.750348],[-122.175054,37.750496],[-122.175445,37.751037],[-122.175533,37.751158],[-122.175911,37.751661],[-122.17602,37.751811],[-122.176341,37.752251],[-122.176592,37.752572],[-122.176801,37.752872],[-122.177152,37.753326],[-122.177381,37.753638],[-122.177706,37.754089],[-122.177936,37.75441],[-122.178262,37.754839],[-122.178291,37.754878],[-122.178321,37.754916],[-122.178355,37.754952],[-122.178389,37.754988],[-122.178426,37.755022],[-122.178465,37.755055],[-122.178505,37.755087],[-122.178547,37.755117],[-122.178591,37.755147],[-122.178635,37.755173],[-122.178682,37.755199],[-122.17873,37.755223],[-122.179121,37.755414],[-122.179595,37.755636],[-122.179359,37.755745],[-122.17896,37.755932],[-122.177923,37.756433],[-122.177446,37.756663],[-122.175729,37.75749],[-122.174018,37.75832],[-122.173198,37.758716],[-122.172309,37.759147],[-122.172192,37.759201],[-122.171715,37.759435],[-122.170577,37.759986],[-122.169974,37.759164],[-122.169403,37.758394],[-122.168832,37.757627],[-122.168268,37.756858],[-122.167906,37.756379],[-122.167808,37.756239],[-122.167567,37.755913],[-122.167369,37.755644],[-122.166882,37.754991],[-122.166377,37.754301],[-122.165824,37.753556],[-122.165187,37.752697],[-122.164073,37.751186],[-122.163999,37.75109],[-122.163926,37.750993],[-122.163852,37.750898],[-122.163779,37.750801],[-122.163536,37.750476],[-122.16301,37.749767],[-122.162607,37.749224],[-122.161967,37.748362]]]]}},{"type":"Feature","properties":{"nhood":"35X"},"geometry":{"type":"MultiPolygon","coordinates":[[[[-122.150839,37.753476],[-122.150887,37.753505],[-122.151009,37.753561],[-122.151131,37.753618],[-122.151177,37.753641],[-122.151252,37.753677],[-122.151377,37.75374],[-122.15149,37.7538],[-122.151606,37.753863],[-122.151721,37.753929],[-122.151835,37.753995],[-122.151947,37.754064],[-122.15206,37.754134],[-122.152119,37.754103],[-122.152181,37.754071],[-122.152237,37.754042],[-122.152296,37.754006],[-122.152346,37.753975],[-122.152412,37.753934],[-122.152468,37.753898],[-122.152521,37.753861],[-122.152577,37.753815],[-122.152631,37.753769],[-122.152685,37.753722],[-122.152747,37.753653],[-122.152818,37.753514],[-122.152918,37.753318],[-122.152975,37.753222],[-122.153042,37.75312],[-122.153093,37.753022],[-122.153287,37.752656],[-122.153467,37.752317],[-122.153566,37.752092],[-122.153783,37.751821],[-122.153939,37.751705],[-122.154282,37.751556],[-122.154718,37.751422],[-122.15585,37.751054],[-122.156411,37.750823],[-122.156779,37.750672],[-122.157031,37.750568],[-122.157483,37.750381],[-122.157852,37.750229],[-122.158824,37.749833],[-122.15925,37.749641],[-122.159767,37.749397],[-122.159986,37.749296],[-122.160821,37.748896],[-122.161402,37.748623],[-122.161717,37.748476],[-122.161967,37.748362],[-122.162607,37.749224],[-122.16301,37.749767],[-122.163536,37.750476],[-122.163779,37.750801],[-122.163852,37.750898],[-122.163926,37.750993],[-122.163999,37.75109],[-122.164073,37.751186],[-122.165187,37.752697],[-122.165824,37.753556],[-122.166377,37.754301],[-122.166882,37.754991],[-122.167369,37.755644],[-122.167567,37.755913],[-122.167808,37.756239],[-122.167906,37.756379],[-122.168268,37.756858],[-122.168832,37.757627],[-122.169403,37.758394],[-122.169974,37.759164],[-122.170577,37.759986],[-122.170377,37.760084],[-122.169091,37.760705],[-122.168741,37.760875],[-122.167607,37.761406],[-122.16688,37.761744],[-122.166173,37.762076],[-122.165621,37.762331],[-122.165009,37.762619],[-122.164901,37.762688],[-122.164807,37.762738],[-122.164258,37.763006],[-122.164034,37.76315],[-122.163585,37.763381],[-122.16293,37.763686],[-122.16255,37.763867],[-122.162294,37.763994],[-122.161434,37.764399],[-122.16086,37.764688],[-122.159932,37.76513],[-122.159286,37.76545],[-122.159196,37.765495],[-122.159125,37.765531],[-122.15874,37.765725],[-122.157529,37.766281],[-122.156125,37.766944],[-122.15395,37.767969],[-122.153711,37.768254],[-122.153545,37.768451],[-122.153322,37.768716],[-122.153177,37.768462],[-122.152731,37.767679],[-122.152635,37.767493],[-122.152438,37.767113],[-122.152237,37.766726],[-122.152191,37.766639],[-122.152164,37.766594],[-122.152128,37.766539],[-122.152093,37.76649],[-122.152048,37.766431],[-122.152003,37.766376],[-122.151959,37.766328],[-122.151911,37.766279],[-122.151862,37.76623],[-122.151828,37.7662],[-122.151787,37.766163],[-122.151731,37.766113],[-122.151646,37.766043],[-122.151584,37.765993],[-122.1514,37.765853],[-122.151337,37.765808],[-122.151244,37.765739],[-122.15052,37.765183],[-122.150587,37.765113],[-122.150632,37.765063],[-122.150627,37.765],[-122.150579,37.76495],[-122.150518,37.764901],[-122.150484,37.76487],[-122.150449,37.76483],[-122.150417,37.764783],[-122.15039,37.764731],[-122.150363,37.764655],[-122.150339,37.764595],[-122.150318,37.764539],[-122.150297,37.76448],[-122.15028,37.764434],[-122.150265,37.764386],[-122.150245,37.764342],[-122.150221,37.764296],[-122.150181,37.764239],[-122.150096,37.764126],[-122.150058,37.764075],[-122.149985,37.763976],[-122.149926,37.763897],[-122.14987,37.763818],[-122.149813,37.763738],[-122.149649,37.7635],[-122.149511,37.763297],[-122.149486,37.763261],[-122.149325,37.763021],[-122.149164,37.762777],[-122.149068,37.762729],[-122.148847,37.762764],[-122.148833,37.762693],[-122.148821,37.762623],[-122.148811,37.762552],[-122.148796,37.762464],[-122.148778,37.762403],[-122.148759,37.762345],[-122.148743,37.762305],[-122.148716,37.762236],[-122.148676,37.762147],[-122.148648,37.762089],[-122.148626,37.762049],[-122.148591,37.761984],[-122.14855,37.761917],[-122.148516,37.761866],[-122.148467,37.761795],[-122.148414,37.761713],[-122.148387,37.761671],[-122.148316,37.761554],[-122.148288,37.761505],[-122.148247,37.761431],[-122.148201,37.761348],[-122.148181,37.761309],[-122.148152,37.761252],[-122.148111,37.76117],[-122.148064,37.761074],[-122.148037,37.761015],[-122.147998,37.76093],[-122.147968,37.760864],[-122.147937,37.760797],[-122.147909,37.76073],[-122.14789,37.760679],[-122.147859,37.760593],[-122.147835,37.760525],[-122.147815,37.760478],[-122.147795,37.760428],[-122.14775,37.760318],[-122.147733,37.760278],[-122.147709,37.760221],[-122.14768,37.76015],[-122.147664,37.76011],[-122.147638,37.76004],[-122.147618,37.759981],[-122.147595,37.759915],[-122.147575,37.759849],[-122.147556,37.759783],[-122.147539,37.759716],[-122.147518,37.759617],[-122.147502,37.759516],[-122.147495,37.759449],[-122.147488,37.759358],[-122.147484,37.759278],[-122.147481,37.759206],[-122.147474,37.759058],[-122.147467,37.758909],[-122.147463,37.758804],[-122.147461,37.758759],[-122.147462,37.758673],[-122.147467,37.758588],[-122.147474,37.758475],[-122.147477,37.758417],[-122.147486,37.758332],[-122.147495,37.758239],[-122.147508,37.758155],[-122.147525,37.758066],[-122.147535,37.758019],[-122.147551,37.757944],[-122.147565,37.757882],[-122.147578,37.757829],[-122.14761,37.757718],[-122.147631,37.757639],[-122.147652,37.757568],[-122.147671,37.757515],[-122.147701,37.757429],[-122.147718,37.757379],[-122.147737,37.757321],[-122.14775,37.757283],[-122.147779,37.757206],[-122.147814,37.757119],[-122.147864,37.757009],[-122.147913,37.756908],[-122.14796,37.756819],[-122.148005,37.756729],[-122.14803,37.756681],[-122.148058,37.756631],[-122.148087,37.75658],[-122.148109,37.756543],[-122.148135,37.756502],[-122.148203,37.756398],[-122.148243,37.756343],[-122.148291,37.756277],[-122.148377,37.756163],[-122.148451,37.756068],[-122.148483,37.75603],[-122.148527,37.755978],[-122.148566,37.755932],[-122.148631,37.755858],[-122.148701,37.755785],[-122.148804,37.755679],[-122.148889,37.755595],[-122.148925,37.755559],[-122.148979,37.755506],[-122.149046,37.75544],[-122.149142,37.755344],[-122.149181,37.755306],[-122.14924,37.755246],[-122.149279,37.755205],[-122.149317,37.755161],[-122.149352,37.755118],[-122.149394,37.755061],[-122.149419,37.755023],[-122.149442,37.754986],[-122.149466,37.754947],[-122.149486,37.754902],[-122.14953,37.754808],[-122.14958,37.754713],[-122.14964,37.754607],[-122.149673,37.754544],[-122.149706,37.754481],[-122.149738,37.754417],[-122.149769,37.754353],[-122.149799,37.754288],[-122.149819,37.754186],[-122.149865,37.754087],[-122.149903,37.754],[-122.149949,37.753889],[-122.14999,37.753788],[-122.150037,37.753664],[-122.150066,37.753584],[-122.150089,37.753496],[-122.150111,37.753453],[-122.15016,37.753398],[-122.150214,37.753355],[-122.15027,37.753351],[-122.150326,37.753349],[-122.150383,37.75335],[-122.150439,37.753354],[-122.150511,37.753369],[-122.150589,37.753391],[-122.150691,37.753422],[-122.150784,37.753455],[-122.150839,37.753476]]]]}},{"type":"Feature","properties":{"nhood":"35Y"},"geometry":{"type":"MultiPolygon","coordinates":[[[[-122.140565,37.770953],[-122.140009,37.770446],[-122.139456,37.770084],[-122.138557,37.769639],[-122.13803,37.769506],[-122.137414,37.769493],[-122.137016,37.769569],[-122.136288,37.769841],[-122.135612,37.770081],[-122.13508,37.770326],[-122.134228,37.770819],[-122.133924,37.770924],[-122.133353,37.770973],[-122.131779,37.770881],[-122.131382,37.770809],[-122.131019,37.77067],[-122.130691,37.770463],[-122.12988,37.769644],[-122.129606,37.769515],[-122.129311,37.769444],[-122.128928,37.769441],[-122.128659,37.769507],[-122.128519,37.769558],[-122.128497,37.769566],[-122.128129,37.769336],[-122.126864,37.768241],[-122.122646,37.761524],[-122.117155,37.753418],[-122.116998,37.751202],[-122.116997,37.7512],[-122.116765,37.750818],[-122.116757,37.750782],[-122.116717,37.75059],[-122.116575,37.749917],[-122.114725,37.741088],[-122.115385,37.740027],[-122.115085,37.738067],[-122.114727,37.73739],[-122.114711,37.737098],[-122.115321,37.735655],[-122.116095,37.73482],[-122.116408,37.734755],[-122.117045,37.734624],[-122.118684,37.733265],[-122.120883,37.732738],[-122.121213,37.731924],[-122.122092,37.730929],[-122.122114,37.729737],[-122.122592,37.729129],[-122.123171,37.728936],[-122.124135,37.728614],[-122.125469,37.729721],[-122.126693,37.730016],[-122.127001,37.73],[-122.127132,37.729993],[-122.1273,37.729983],[-122.128181,37.729933],[-122.129794,37.73006],[-122.130962,37.730196],[-122.131508,37.730494],[-122.13263,37.731795],[-122.132629,37.731795],[-122.132007,37.732082],[-122.131417,37.732345],[-122.13084,37.73283],[-122.130831,37.732874],[-122.130697,37.733481],[-122.130697,37.733481],[-122.13098,37.733773],[-122.131258,37.733701],[-122.13153,37.733631],[-122.132337,37.733744],[-122.133173,37.734076],[-122.134016,37.734227],[-122.134438,37.734297],[-122.134884,37.734377],[-122.135197,37.734353],[-122.135735,37.733726],[-122.136025,37.733235],[-122.136422,37.732744],[-122.136723,37.732263],[-122.137028,37.731905],[-122.13793,37.731435],[-122.138479,37.731041],[-122.138843,37.731517],[-122.138843,37.731518],[-122.138688,37.731604],[-122.138645,37.731629],[-122.138552,37.731682],[-122.138553,37.731682],[-122.138951,37.732246],[-122.13905,37.732562],[-122.139089,37.732696],[-122.139152,37.732883],[-122.139171,37.733287],[-122.139482,37.733741],[-122.13952,37.733797],[-122.139651,37.73433],[-122.139853,37.734297],[-122.14014,37.73425],[-122.140419,37.734204],[-122.140459,37.734449],[-122.140599,37.735295],[-122.140835,37.735869],[-122.140958,37.736057],[-122.141275,37.736538],[-122.141413,37.736747],[-122.141977,37.737555],[-122.142002,37.73759],[-122.142159,37.737817],[-122.142281,37.73799],[-122.142756,37.73867],[-122.144067,37.740029],[-122.145754,37.742293],[-122.146196,37.742122],[-122.146476,37.742015],[-122.146521,37.741997],[-122.147002,37.741821],[-122.146937,37.741913],[-122.146855,37.742027],[-122.146771,37.742139],[-122.146685,37.742251],[-122.146599,37.742363],[-122.146512,37.742473],[-122.146629,37.742914],[-122.147142,37.743601],[-122.147564,37.744163],[-122.148441,37.745334],[-122.1485,37.745399],[-122.148558,37.745463],[-122.148617,37.745528],[-122.148675,37.745593],[-122.148734,37.745658],[-122.148792,37.745722],[-122.148846,37.745784],[-122.148897,37.745847],[-122.148947,37.74591],[-122.148997,37.745974],[-122.149045,37.746038],[-122.149093,37.746102],[-122.149141,37.746168],[-122.149189,37.746235],[-122.149236,37.746302],[-122.149279,37.74637],[-122.149322,37.746438],[-122.149361,37.746508],[-122.149412,37.746594],[-122.14946,37.746681],[-122.149507,37.746768],[-122.149552,37.746855],[-122.149596,37.746943],[-122.149639,37.747031],[-122.149732,37.747207],[-122.149825,37.747384],[-122.149921,37.747559],[-122.150017,37.747734],[-122.150226,37.748125],[-122.150334,37.748321],[-122.150451,37.748511],[-122.150654,37.748781],[-122.150773,37.749026],[-122.150846,37.749177],[-122.150926,37.749345],[-122.151004,37.749504],[-122.151085,37.749666],[-122.151144,37.74978],[-122.151203,37.749898],[-122.15126,37.750017],[-122.151315,37.750137],[-122.151333,37.750177],[-122.151351,37.750217],[-122.151379,37.750279],[-122.151389,37.750485],[-122.151442,37.750629],[-122.151459,37.750681],[-122.151479,37.750751],[-122.151496,37.750821],[-122.151512,37.750891],[-122.151524,37.750962],[-122.151536,37.751033],[-122.151548,37.751117],[-122.151555,37.751194],[-122.151562,37.751271],[-122.151567,37.751348],[-122.15157,37.751425],[-122.151574,37.751491],[-122.151573,37.751558],[-122.151573,37.751625],[-122.151571,37.751692],[-122.151567,37.751759],[-122.151562,37.751826],[-122.151555,37.751892],[-122.151546,37.751959],[-122.151539,37.75202],[-122.151531,37.752082],[-122.151521,37.752144],[-122.15151,37.752205],[-122.151496,37.752266],[-122.151482,37.752327],[-122.151466,37.752387],[-122.15144,37.752466],[-122.151403,37.752546],[-122.151385,37.752583],[-122.151371,37.752622],[-122.151338,37.75271],[-122.151307,37.752781],[-122.151274,37.752852],[-122.151239,37.752921],[-122.151202,37.75299],[-122.151162,37.753058],[-122.151122,37.753126],[-122.151079,37.753192],[-122.151044,37.753242],[-122.151007,37.753291],[-122.150968,37.753339],[-122.150927,37.753386],[-122.150872,37.753444],[-122.150839,37.753476],[-122.150784,37.753455],[-122.150691,37.753422],[-122.150589,37.753391],[-122.150511,37.753369],[-122.150439,37.753354],[-122.150383,37.75335],[-122.150326,37.753349],[-122.15027,37.753351],[-122.150214,37.753355],[-122.15016,37.753398],[-122.150111,37.753453],[-122.150089,37.753496],[-122.150066,37.753584],[-122.150037,37.753664],[-122.14999,37.753788],[-122.149949,37.753889],[-122.149903,37.754],[-122.149865,37.754087],[-122.149819,37.754186],[-122.149799,37.754288],[-122.149769,37.754353],[-122.149738,37.754417],[-122.149706,37.754481],[-122.149673,37.754544],[-122.14964,37.754607],[-122.14958,37.754713],[-122.14953,37.754808],[-122.149486,37.754902],[-122.149466,37.754947],[-122.149442,37.754986],[-122.149419,37.755023],[-122.149394,37.755061],[-122.149352,37.755118],[-122.149317,37.755161],[-122.149279,37.755205],[-122.14924,37.755246],[-122.149181,37.755306],[-122.149142,37.755344],[-122.149046,37.75544],[-122.148979,37.755506],[-122.148925,37.755559],[-122.148889,37.755595],[-122.148804,37.755679],[-122.148701,37.755785],[-122.148631,37.755858],[-122.148566,37.755932],[-122.148527,37.755978],[-122.148483,37.75603],[-122.148451,37.756068],[-122.148377,37.756163],[-122.148291,37.756277],[-122.148243,37.756343],[-122.148203,37.756398],[-122.148135,37.756502],[-122.148109,37.756543],[-122.148087,37.75658],[-122.148058,37.756631],[-122.14803,37.756681],[-122.148005,37.756729],[-122.14796,37.756819],[-122.147913,37.756908],[-122.147864,37.757009],[-122.147814,37.757119],[-122.147779,37.757206],[-122.14775,37.757283],[-122.147737,37.757321],[-122.147718,37.757379],[-122.147701,37.757429],[-122.147671,37.757515],[-122.147652,37.757568],[-122.147631,37.757639],[-122.14761,37.757718],[-122.147578,37.757829],[-122.147565,37.757882],[-122.147551,37.757944],[-122.147535,37.758019],[-122.147525,37.758066],[-122.147508,37.758155],[-122.147495,37.758239],[-122.147486,37.758332],[-122.147477,37.758417],[-122.147474,37.758475],[-122.147467,37.758588],[-122.147462,37.758673],[-122.147461,37.758759],[-122.147463,37.758804],[-122.147467,37.758909],[-122.147474,37.759058],[-122.147481,37.759206],[-122.147484,37.759278],[-122.147488,37.759358],[-122.147495,37.759449],[-122.147502,37.759516],[-122.147518,37.759617],[-122.147539,37.759716],[-122.147556,37.759783],[-122.147575,37.759849],[-122.147595,37.759915],[-122.147618,37.759981],[-122.147638,37.76004],[-122.147664,37.76011],[-122.14768,37.76015],[-122.147709,37.760221],[-122.147733,37.760278],[-122.14775,37.760318],[-122.147795,37.760428],[-122.147815,37.760478],[-122.147835,37.760525],[-122.147859,37.760593],[-122.14789,37.760679],[-122.147909,37.76073],[-122.147937,37.760797],[-122.147968,37.760864],[-122.147998,37.76093],[-122.148037,37.761015],[-122.148064,37.761074],[-122.148111,37.76117],[-122.148152,37.761252],[-122.148181,37.761309],[-122.148201,37.761348],[-122.148247,37.761431],[-122.148288,37.761505],[-122.148316,37.761554],[-122.148387,37.761671],[-122.148414,37.761713],[-122.148467,37.761795],[-122.148516,37.761866],[-122.14855,37.761917],[-122.148591,37.761984],[-122.148626,37.762049],[-122.148648,37.762089],[-122.148676,37.762147],[-122.148716,37.762236],[-122.148743,37.762305],[-122.148759,37.762345],[-122.148778,37.762403],[-122.148796,37.762464],[-122.148811,37.762552],[-122.148821,37.762623],[-122.148833,37.762693],[-122.148847,37.762764],[-122.149068,37.762729],[-122.149164,37.762777],[-122.149325,37.763021],[-122.149486,37.763261],[-122.149511,37.763297],[-122.149649,37.7635],[-122.149813,37.763738],[-122.14987,37.763818],[-122.149926,37.763897],[-122.149985,37.763976],[-122.150058,37.764075],[-122.150096,37.764126],[-122.150181,37.764239],[-122.150221,37.764296],[-122.150245,37.764342],[-122.150265,37.764386],[-122.15028,37.764434],[-122.150297,37.76448],[-122.150318,37.764539],[-122.150339,37.764595],[-122.150363,37.764655],[-122.15039,37.764731],[-122.150417,37.764783],[-122.150449,37.76483],[-122.150484,37.76487],[-122.150518,37.764901],[-122.150579,37.76495],[-122.150627,37.765],[-122.150632,37.765063],[-122.150587,37.765113],[-122.15052,37.765183],[-122.151244,37.765739],[-122.151337,37.765808],[-122.1514,37.765853],[-122.151584,37.765993],[-122.151646,37.766043],[-122.151731,37.766113],[-122.151787,37.766163],[-122.151828,37.7662],[-122.151862,37.76623],[-122.151911,37.766279],[-122.151959,37.766328],[-122.152003,37.766376],[-122.152048,37.766431],[-122.152093,37.76649],[-122.152128,37.766539],[-122.152164,37.766594],[-122.152191,37.766639],[-122.152237,37.766726],[-122.152438,37.767113],[-122.152635,37.767493],[-122.152731,37.767679],[-122.153177,37.768462],[-122.153322,37.768716],[-122.153656,37.768728],[-122.153727,37.768731],[-122.154039,37.768742],[-122.154348,37.768754],[-122.154916,37.769609],[-122.154982,37.76971],[-122.155057,37.769827],[-122.155097,37.769888],[-122.155125,37.769933],[-122.155154,37.76998],[-122.155185,37.770023],[-122.15522,37.77007],[-122.155253,37.770109],[-122.15529,37.770152],[-122.155332,37.770197],[-122.155395,37.770258],[-122.155461,37.770314],[-122.155507,37.770351],[-122.155554,37.770386],[-122.155685,37.770501],[-122.155877,37.770669],[-122.156104,37.770862],[-122.156205,37.770949],[-122.156274,37.771007],[-122.156415,37.771124],[-122.156459,37.771161],[-122.156537,37.771226],[-122.156872,37.7715],[-122.156815,37.771563],[-122.156759,37.771623],[-122.156708,37.771674],[-122.15665,37.77173],[-122.156593,37.771785],[-122.156531,37.77184],[-122.15648,37.771884],[-122.156411,37.771942],[-122.156351,37.771991],[-122.156319,37.772015],[-122.156278,37.772048],[-122.156242,37.772077],[-122.156204,37.772106],[-122.156152,37.772142],[-122.156072,37.772192],[-122.156009,37.772226],[-122.155959,37.772249],[-122.155905,37.772273],[-122.155885,37.772281],[-122.155865,37.772288],[-122.155793,37.772311],[-122.155715,37.772334],[-122.155638,37.772356],[-122.155566,37.772374],[-122.155481,37.772394],[-122.15541,37.772409],[-122.155323,37.772426],[-122.155234,37.772441],[-122.155161,37.772452],[-122.155081,37.772461],[-122.155011,37.77247],[-122.154933,37.772476],[-122.154846,37.772482],[-122.154797,37.772482],[-122.15473,37.772482],[-122.154645,37.772481],[-122.154584,37.772478],[-122.154513,37.772473],[-122.15444,37.772466],[-122.154353,37.772456],[-122.15425,37.772442],[-122.154177,37.772426],[-122.153962,37.772329],[-122.153761,37.772222],[-122.153572,37.772102],[-122.15341,37.771978],[-122.153321,37.771892],[-122.153233,37.771787],[-122.15294,37.771362],[-122.152801,37.771192],[-122.152456,37.770874],[-122.15232,37.770769],[-122.152189,37.770685],[-122.152013,37.770594],[-122.151825,37.770516],[-122.151633,37.770453],[-122.151444,37.770408],[-122.151247,37.770378],[-122.151044,37.770364],[-122.150838,37.770365],[-122.150626,37.770383],[-122.150256,37.770422],[-122.149902,37.770479],[-122.149003,37.770713],[-122.148428,37.770944],[-122.148178,37.771059],[-122.14769,37.771355],[-122.145528,37.772844],[-122.145096,37.773011],[-122.144639,37.773108],[-122.144217,37.773124],[-122.144212,37.773124],[-122.144208,37.773124],[-122.143658,37.773028],[-122.142494,37.772592],[-122.142023,37.772361],[-122.141339,37.771861],[-122.140565,37.770953]]],[[[-122.086875,37.698043],[-122.087787,37.697972],[-122.087828,37.698173],[-122.08786,37.698308],[-122.087916,37.698489],[-122.086985,37.698573],[-122.086875,37.698043]]],[[[-122.141288,37.714203],[-122.1422,37.714132],[-122.142241,37.714332],[-122.142273,37.714468],[-122.14233,37.714649],[-122.141398,37.714733],[-122.141288,37.714203]]],[[[-122.119782,37.711821],[-122.120694,37.71175],[-122.120735,37.71195],[-122.120767,37.712086],[-122.120824,37.712266],[-122.119891,37.71235],[-122.119782,37.711821]]],[[[-122.15848,37.728669],[-122.159392,37.728598],[-122.159433,37.728798],[-122.159465,37.728934],[-122.159522,37.729114],[-122.15859,37.729199],[-122.15848,37.728669]]],[[[-122.130858,37.715929],[-122.13177,37.715858],[-122.131811,37.716058],[-122.131843,37.716194],[-122.1319,37.716374],[-122.130968,37.716458],[-122.130858,37.715929]]],[[[-122.120213,37.70776],[-122.121124,37.707689],[-122.121166,37.707889],[-122.121197,37.708025],[-122.121254,37.708206],[-122.120322,37.70829],[-122.120213,37.70776]]],[[[-122.120992,37.709832],[-122.121337,37.70937],[-122.122093,37.709781],[-122.121963,37.709956],[-122.121877,37.710076],[-122.121775,37.710243],[-122.120992,37.709832]]],[[[-122.062437,37.691758],[-122.062915,37.691751],[-122.062921,37.692039],[-122.062443,37.692045],[-122.062437,37.691758]]]]}},{"type":"Feature","properties":{"nhood":"LKM1"},"geometry":{"type":"MultiPolygon","coordinates":[[[[-122.261225,37.80681],[-122.26103,37.806718],[-122.260877,37.80672],[-122.260763,37.806722],[-122.260551,37.806688],[-122.260448,37.806631],[-122.260353,37.806487],[-122.260283,37.806233],[-122.260084,37.806009],[-122.259962,37.805894],[-122.259745,37.805686],[-122.259594,37.805528],[-122.25947,37.80534],[-122.259465,37.805128],[-122.259199,37.804767],[-122.25892,37.80464],[-122.258578,37.804565],[-122.258221,37.804643],[-122.257974,37.804676],[-122.257425,37.804815],[-122.257106,37.804944],[-122.256824,37.80508],[-122.256451,37.805246],[-122.256281,37.805431],[-122.256266,37.805584],[-122.256329,37.805941],[-122.256299,37.806219],[-122.256126,37.806309],[-122.256094,37.806492],[-122.25606,37.806595],[-122.255926,37.806772],[-122.255672,37.806922],[-122.255564,37.806954],[-122.255343,37.807021],[-122.254976,37.807041],[-122.254811,37.807028],[-122.254671,37.807017],[-122.254147,37.807003],[-122.253613,37.806974],[-122.253196,37.806885],[-122.253013,37.806896],[-122.252678,37.807134],[-122.252153,37.807478],[-122.251917,37.807642],[-122.251737,37.807805],[-122.251621,37.807953],[-122.251459,37.808067],[-122.251395,37.808102],[-122.25122,37.808105],[-122.250926,37.808116],[-122.250761,37.808148],[-122.250661,37.808208],[-122.250434,37.808335],[-122.250317,37.808417],[-122.250168,37.808511],[-122.250131,37.808557],[-122.249942,37.808532],[-122.249866,37.808446],[-122.249707,37.808317],[-122.249703,37.808159],[-122.249812,37.808067],[-122.249824,37.807893],[-122.249848,37.807719],[-122.249903,37.807635],[-122.250019,37.807524],[-122.250091,37.807443],[-122.250179,37.807266],[-122.250275,37.807068],[-122.250346,37.806957],[-122.250409,37.806869],[-122.250461,37.806736],[-122.250513,37.80659],[-122.250547,37.806455],[-122.25058,37.806326],[-122.25063,37.806092],[-122.250671,37.805909],[-122.250705,37.805769],[-122.250756,37.805608],[-122.250819,37.805527],[-122.250899,37.805423],[-122.251007,37.805327],[-122.251059,37.805173],[-122.251111,37.805033],[-122.251181,37.804886],[-122.251316,37.804768],[-122.251433,37.804656],[-122.25157,37.804611],[-122.251717,37.804601],[-122.251891,37.804584],[-122.251963,37.804532],[-122.252163,37.804412],[-122.252383,37.804394],[-122.252649,37.804361],[-122.252887,37.804306],[-122.253088,37.80423],[-122.253287,37.804089],[-122.253504,37.803925],[-122.253682,37.803689],[-122.253752,37.803542],[-122.253822,37.803388],[-122.253909,37.803153],[-122.253977,37.802955],[-122.254222,37.802783],[-122.254397,37.802687],[-122.254619,37.802534],[-122.254896,37.802288],[-122.254932,37.801994],[-122.254812,37.801495],[-122.254671,37.801049],[-122.255027,37.800474],[-122.255414,37.800398],[-122.255503,37.80038],[-122.256155,37.800353],[-122.256829,37.800326],[-122.257411,37.800128],[-122.25795,37.799912],[-122.258466,37.799663],[-122.258805,37.799261],[-122.259336,37.798735],[-122.259402,37.798763],[-122.259534,37.798819],[-122.260192,37.799068],[-122.260873,37.799334],[-122.261315,37.799655],[-122.261375,37.79981],[-122.261455,37.800016],[-122.261406,37.800651],[-122.261287,37.801226],[-122.261276,37.801675],[-122.260931,37.801801],[-122.260728,37.802408],[-122.260972,37.802612],[-122.260743,37.803029],[-122.260543,37.803774],[-122.260627,37.804235],[-122.260668,37.804463],[-122.261133,37.804818],[-122.26162,37.805174],[-122.261676,37.805179],[-122.261775,37.805178],[-122.261804,37.805232],[-122.261953,37.80531],[-122.262013,37.805499],[-122.262091,37.80568],[-122.262196,37.805839],[-122.262329,37.806041],[-122.262415,37.806179],[-122.262576,37.806337],[-122.262757,37.806597],[-122.262855,37.806873],[-122.262974,37.807243],[-122.262985,37.807688],[-122.262974,37.807988],[-122.262869,37.808216],[-122.262799,37.808385],[-122.262693,37.808569],[-122.262563,37.808899],[-122.262551,37.809169],[-122.262447,37.809463],[-122.262388,37.809682],[-122.262231,37.81005],[-122.26211,37.810358],[-122.262003,37.810446],[-122.261947,37.810492],[-122.261811,37.810552],[-122.261589,37.810549],[-122.261589,37.810549],[-122.261588,37.810549],[-122.261469,37.810477],[-122.261329,37.810384],[-122.261225,37.810276],[-122.261176,37.810146],[-122.261151,37.809891],[-122.26119,37.809591],[-122.261275,37.809298],[-122.261321,37.809113],[-122.261342,37.809027],[-122.261369,37.808588],[-122.261422,37.80812],[-122.261499,37.807857],[-122.261472,37.807499],[-122.261341,37.807041],[-122.261225,37.80681]]]]}},{"type":"Feature","properties":{"nhood":"PDT2"},"geometry":{"type":"MultiPolygon","coordinates":[[[[-122.225966,37.831737],[-122.225758,37.831562],[-122.225487,37.831004],[-122.225467,37.830962],[-122.225238,37.830512],[-122.225133,37.830545],[-122.224989,37.830088],[-122.224932,37.830055],[-122.224932,37.830055],[-122.22472,37.829932],[-122.224654,37.829892],[-122.224443,37.829662],[-122.22449,37.829642],[-122.224545,37.829619],[-122.224298,37.829229],[-122.224091,37.829343],[-122.224082,37.829346],[-122.223836,37.829407],[-122.223748,37.829428],[-122.223667,37.829421],[-122.223659,37.829414],[-122.223612,37.829374],[-122.223574,37.829336],[-122.223566,37.829327],[-122.223509,37.829277],[-122.2235,37.82927],[-122.223442,37.829225],[-122.223437,37.829222],[-122.223387,37.829188],[-122.223341,37.829158],[-122.223291,37.829125],[-122.223249,37.829101],[-122.223222,37.829087],[-122.223207,37.829079],[-122.223148,37.829052],[-122.223122,37.82904],[-122.223103,37.829033],[-122.223051,37.829013],[-122.223042,37.829009],[-122.223014,37.828999],[-122.222995,37.828991],[-122.222944,37.828972],[-122.222824,37.828926],[-122.222812,37.828921],[-122.222804,37.828918],[-122.22273,37.828886],[-122.222706,37.828869],[-122.22268,37.828851],[-122.222675,37.828846],[-122.222671,37.828843],[-122.222641,37.828809],[-122.222637,37.828803],[-122.222617,37.82876],[-122.222592,37.828694],[-122.222588,37.828683],[-122.222577,37.828653],[-122.222539,37.828555],[-122.222494,37.8285],[-122.222389,37.828418],[-122.22232,37.828366],[-122.222268,37.828309],[-122.222264,37.828304],[-122.222233,37.828252],[-122.222231,37.828248],[-122.222214,37.828203],[-122.222211,37.828196],[-122.222205,37.828153],[-122.222204,37.828142],[-122.222205,37.828107],[-122.222206,37.828099],[-122.222207,37.828093],[-122.222211,37.828077],[-122.222218,37.828054],[-122.222224,37.828033],[-122.222233,37.828009],[-122.222251,37.82796],[-122.222255,37.827952],[-122.222271,37.827915],[-122.222275,37.827908],[-122.222301,37.827857],[-122.222328,37.827801],[-122.22233,37.827796],[-122.222349,37.827736],[-122.222359,37.827693],[-122.222368,37.827651],[-122.222374,37.827609],[-122.222378,37.827565],[-122.222364,37.827483],[-122.222343,37.827431],[-122.222335,37.82741],[-122.222311,37.827352],[-122.222277,37.82727],[-122.222275,37.827267],[-122.222227,37.827225],[-122.222163,37.827175],[-122.22211,37.826906],[-122.221209,37.825818],[-122.220953,37.825736],[-122.22086,37.825639],[-122.220557,37.825322],[-122.220505,37.825267],[-122.220446,37.825205],[-122.220438,37.825197],[-122.220406,37.825165],[-122.220363,37.825146],[-122.22034,37.825135],[-122.220314,37.825123],[-122.220266,37.825102],[-122.220257,37.825098],[-122.220102,37.825028],[-122.219871,37.824782],[-122.219834,37.824741],[-122.219645,37.82454],[-122.218612,37.823829],[-122.218543,37.823781],[-122.2185,37.823752],[-122.21828,37.8236],[-122.218169,37.823523],[-122.218082,37.823464],[-122.217738,37.823227],[-122.217146,37.823216],[-122.217236,37.823134],[-122.217214,37.823011],[-122.217203,37.822966],[-122.217187,37.822924],[-122.21714,37.822844],[-122.217055,37.822768],[-122.216855,37.822656],[-122.216735,37.822596],[-122.216627,37.82253],[-122.216465,37.822516],[-122.216409,37.822512],[-122.216329,37.822492],[-122.216324,37.82249],[-122.216251,37.822465],[-122.216192,37.822425],[-122.216184,37.822414],[-122.21615,37.822374],[-122.216142,37.822358],[-122.216047,37.822168],[-122.216015,37.822086],[-122.216014,37.822082],[-122.215988,37.822014],[-122.215781,37.821611],[-122.21571,37.821634],[-122.215691,37.82164],[-122.215619,37.82166],[-122.215561,37.821615],[-122.215172,37.821332],[-122.214902,37.821185],[-122.214764,37.821193],[-122.214634,37.8212],[-122.214621,37.821201],[-122.214569,37.821204],[-122.214499,37.821208],[-122.214413,37.821209],[-122.214413,37.821203],[-122.214417,37.821152],[-122.214418,37.821146],[-122.214418,37.82109],[-122.214418,37.821086],[-122.214404,37.821039],[-122.21437,37.820991],[-122.214365,37.820985],[-122.214359,37.820977],[-122.214309,37.820939],[-122.214294,37.820927],[-122.214179,37.820893],[-122.214164,37.820886],[-122.214105,37.820854],[-122.214036,37.820788],[-122.214017,37.820756],[-122.214012,37.820746],[-122.213999,37.820705],[-122.213996,37.820657],[-122.213997,37.820644],[-122.214009,37.820583],[-122.21401,37.820577],[-122.214019,37.820531],[-122.21402,37.820524],[-122.214002,37.820466],[-122.213951,37.820387],[-122.213916,37.820349],[-122.21388,37.820318],[-122.213874,37.820313],[-122.213819,37.820275],[-122.213812,37.820271],[-122.213754,37.820238],[-122.213697,37.820222],[-122.21369,37.820221],[-122.213649,37.820216],[-122.21362,37.820213],[-122.213596,37.820211],[-122.213556,37.820216],[-122.213512,37.820223],[-122.213491,37.820227],[-122.213423,37.820239],[-122.213401,37.820243],[-122.213369,37.820243],[-122.213321,37.820242],[-122.213316,37.820241],[-122.213234,37.820225],[-122.213211,37.820217],[-122.213168,37.820202],[-122.213117,37.820185],[-122.213104,37.820181],[-122.213038,37.820166],[-122.212987,37.820158],[-122.212921,37.820146],[-122.212914,37.820145],[-122.21289,37.820126],[-122.212867,37.820107],[-122.212854,37.820095],[-122.21285,37.820084],[-122.212837,37.820038],[-122.212783,37.819837],[-122.212745,37.819799],[-122.212732,37.819787],[-122.212693,37.819776],[-122.212662,37.819767],[-122.212617,37.819772],[-122.212588,37.819775],[-122.212507,37.819803],[-122.212326,37.819867],[-122.212258,37.819883],[-122.21224,37.819887],[-122.212164,37.819854],[-122.211816,37.819639],[-122.211733,37.819589],[-122.211622,37.819519],[-122.211572,37.819489],[-122.211565,37.819484],[-122.211503,37.819446],[-122.211295,37.81945],[-122.211218,37.819417],[-122.211151,37.81945],[-122.211131,37.819461],[-122.211076,37.819489],[-122.210958,37.819509],[-122.210898,37.81954],[-122.2108,37.819543],[-122.21074,37.819542],[-122.210642,37.819542],[-122.210567,37.819542],[-122.2098,37.819011],[-122.209793,37.819006],[-122.209782,37.818998],[-122.209723,37.818953],[-122.209898,37.818834],[-122.210238,37.818597],[-122.210239,37.818597],[-122.210379,37.818499],[-122.210561,37.818373],[-122.210571,37.818365],[-122.210934,37.818115],[-122.210934,37.818114],[-122.211085,37.818011],[-122.211235,37.817908],[-122.211377,37.81781],[-122.211384,37.817806],[-122.211389,37.817802],[-122.211432,37.817772],[-122.211432,37.817772],[-122.211441,37.817766],[-122.211523,37.817709],[-122.211537,37.817699],[-122.211598,37.817654],[-122.211599,37.817654],[-122.211605,37.817649],[-122.211684,37.817589],[-122.211689,37.817585],[-122.211737,37.817548],[-122.211738,37.817547],[-122.211753,37.817535],[-122.211811,37.817488],[-122.211811,37.817488],[-122.211821,37.817479],[-122.211887,37.817422],[-122.211953,37.817362],[-122.212016,37.817302],[-122.212079,37.817241],[-122.212138,37.817178],[-122.212147,37.817168],[-122.212197,37.817114],[-122.212198,37.817113],[-122.212202,37.817109],[-122.212248,37.817055],[-122.212248,37.817055],[-122.212251,37.817052],[-122.212304,37.816986],[-122.212315,37.816972],[-122.212353,37.816924],[-122.212394,37.816867],[-122.212396,37.816863],[-122.2124,37.816857],[-122.212447,37.816791],[-122.212491,37.816723],[-122.212533,37.816654],[-122.212565,37.816595],[-122.212565,37.816594],[-122.212569,37.816588],[-122.212604,37.816524],[-122.212635,37.816462],[-122.212665,37.8164],[-122.212667,37.816395],[-122.212695,37.816337],[-122.212721,37.816274],[-122.212727,37.816258],[-122.212728,37.816257],[-122.212746,37.816211],[-122.212764,37.816159],[-122.212764,37.816158],[-122.212768,37.816147],[-122.212786,37.816094],[-122.212789,37.816083],[-122.21279,37.816079],[-122.212794,37.816066],[-122.212797,37.816056],[-122.212812,37.816004],[-122.212829,37.815924],[-122.212846,37.815844],[-122.21286,37.815765],[-122.212861,37.815758],[-122.212861,37.815756],[-122.212871,37.815687],[-122.212873,37.815678],[-122.212877,37.815644],[-122.212883,37.8156],[-122.212883,37.815599],[-122.212894,37.815492],[-122.212905,37.815381],[-122.212905,37.815381],[-122.212905,37.815379],[-122.212916,37.81527],[-122.212916,37.815265],[-122.212921,37.815197],[-122.212921,37.815197],[-122.212925,37.815154],[-122.212925,37.815154],[-122.212929,37.815125],[-122.212932,37.815109],[-122.212934,37.815099],[-122.212945,37.815045],[-122.212948,37.815033],[-122.212966,37.814968],[-122.212967,37.814964],[-122.212968,37.81496],[-122.212968,37.81496],[-122.212981,37.81492],[-122.213,37.814869],[-122.213003,37.814859],[-122.21302,37.814821],[-122.21302,37.81482],[-122.213022,37.814817],[-122.21304,37.814776],[-122.213045,37.814765],[-122.213068,37.814723],[-122.21307,37.814718],[-122.21309,37.814682],[-122.213111,37.814647],[-122.213115,37.814641],[-122.213148,37.814591],[-122.213182,37.814546],[-122.213215,37.814503],[-122.213253,37.814458],[-122.213259,37.814452],[-122.213288,37.814419],[-122.213351,37.814348],[-122.213351,37.814347],[-122.213355,37.814342],[-122.213441,37.814243],[-122.213447,37.814236],[-122.21349,37.814172],[-122.21354,37.814098],[-122.213595,37.81402],[-122.213595,37.814019],[-122.213603,37.814008],[-122.213644,37.813949],[-122.213648,37.813942],[-122.213648,37.813942],[-122.213686,37.813861],[-122.213687,37.813859],[-122.213692,37.813849],[-122.213715,37.813797],[-122.213736,37.813752],[-122.213738,37.813748],[-122.213778,37.813663],[-122.213783,37.813653],[-122.213818,37.813582],[-122.213832,37.813554],[-122.213835,37.813547],[-122.213866,37.813489],[-122.213887,37.813451],[-122.213919,37.813404],[-122.213951,37.813358],[-122.213981,37.81332],[-122.213989,37.81331],[-122.21399,37.813308],[-122.213994,37.813304],[-122.214025,37.813267],[-122.214029,37.813261],[-122.214055,37.813227],[-122.21409,37.813186],[-122.21409,37.813185],[-122.214121,37.813144],[-122.214169,37.813104],[-122.214169,37.813104],[-122.21421,37.813068],[-122.214253,37.813031],[-122.214299,37.812996],[-122.214346,37.812963],[-122.214742,37.812691],[-122.214743,37.81269],[-122.214796,37.812651],[-122.214805,37.812644],[-122.21487,37.812589],[-122.214879,37.812582],[-122.214929,37.812535],[-122.214964,37.812497],[-122.214974,37.812485],[-122.214991,37.812464],[-122.215021,37.812427],[-122.215048,37.81239],[-122.215073,37.812352],[-122.215096,37.812312],[-122.215118,37.812272],[-122.215497,37.812338],[-122.217413,37.812827],[-122.217494,37.812848],[-122.217565,37.812867],[-122.217635,37.812885],[-122.217714,37.812906],[-122.217925,37.81294],[-122.218599,37.813049],[-122.218696,37.813065],[-122.218922,37.813101],[-122.21949,37.813193],[-122.220144,37.813298],[-122.220428,37.813343],[-122.220622,37.813396],[-122.220954,37.813493],[-122.221088,37.813533],[-122.221088,37.813533],[-122.221157,37.813552],[-122.221216,37.813569],[-122.222651,37.813928],[-122.223356,37.814104],[-122.223373,37.814108],[-122.223584,37.814161],[-122.223978,37.814259],[-122.224024,37.81427],[-122.224037,37.814273],[-122.224044,37.814274],[-122.224175,37.814305],[-122.224343,37.814343],[-122.224458,37.814369],[-122.224667,37.814415],[-122.225111,37.814514],[-122.225157,37.814525],[-122.225218,37.814538],[-122.226365,37.814793],[-122.226773,37.814887],[-122.227052,37.814951],[-122.227143,37.814972],[-122.227366,37.815023],[-122.227853,37.815134],[-122.228299,37.815237],[-122.228438,37.815268],[-122.228551,37.815294],[-122.228963,37.815373],[-122.229093,37.815398],[-122.229108,37.815401],[-122.231178,37.815866],[-122.231228,37.815875],[-122.23123,37.815875],[-122.231241,37.815877],[-122.231391,37.815904],[-122.231467,37.815918],[-122.231476,37.815919],[-122.231671,37.815954],[-122.232168,37.816192],[-122.233135,37.816696],[-122.233318,37.816827],[-122.233606,37.817001],[-122.234038,37.817003],[-122.23482,37.816974],[-122.235212,37.816942],[-122.235952,37.81711],[-122.236294,37.817094],[-122.237586,37.817406],[-122.237787,37.817454],[-122.23862,37.817654],[-122.238944,37.817732],[-122.239294,37.817839],[-122.239391,37.818121],[-122.240354,37.818902],[-122.242736,37.818867],[-122.243355,37.818746],[-122.243489,37.81879],[-122.243627,37.818836],[-122.243674,37.818851],[-122.243881,37.818875],[-122.243922,37.81888],[-122.24401,37.81889],[-122.244163,37.818908],[-122.244286,37.818964],[-122.244463,37.819044],[-122.244632,37.819121],[-122.244729,37.819156],[-122.245104,37.819296],[-122.245146,37.819337],[-122.245196,37.819386],[-122.245216,37.819428],[-122.245287,37.819455],[-122.24537,37.819522],[-122.245498,37.819646],[-122.245552,37.819698],[-122.245664,37.819805],[-122.247312,37.821391],[-122.247402,37.821537],[-122.247426,37.821575],[-122.247426,37.821575],[-122.247459,37.821622],[-122.247504,37.82167],[-122.247585,37.82172],[-122.247608,37.82176],[-122.247738,37.821857],[-122.247872,37.821956],[-122.248215,37.822209],[-122.248422,37.822363],[-122.249286,37.822853],[-122.248553,37.823335],[-122.248632,37.823392],[-122.24876,37.823483],[-122.248967,37.823597],[-122.249177,37.823701],[-122.249338,37.82367],[-122.248203,37.824732],[-122.248052,37.824948],[-122.24798,37.82519],[-122.24798,37.82519],[-122.247834,37.825767],[-122.247641,37.826174],[-122.247588,37.826286],[-122.247412,37.826331],[-122.247411,37.826331],[-122.245496,37.827501],[-122.24443,37.828186],[-122.244224,37.828339],[-122.244186,37.828495],[-122.244145,37.82866],[-122.244087,37.82863],[-122.24394,37.828745],[-122.243853,37.828904],[-122.243728,37.829265],[-122.243599,37.829401],[-122.243323,37.829501],[-122.242694,37.829467],[-122.242615,37.82951],[-122.242733,37.829563],[-122.24306,37.829879],[-122.243149,37.829936],[-122.242981,37.829918],[-122.242853,37.829924],[-122.242767,37.829936],[-122.242034,37.830126],[-122.242098,37.830168],[-122.241828,37.830238],[-122.241543,37.830312],[-122.241519,37.830318],[-122.241418,37.830345],[-122.241343,37.830364],[-122.241175,37.830408],[-122.241168,37.83041],[-122.241087,37.830429],[-122.241077,37.830431],[-122.241012,37.830443],[-122.240942,37.830452],[-122.240931,37.830453],[-122.240873,37.830458],[-122.240866,37.830459],[-122.240793,37.830461],[-122.240782,37.830461],[-122.240733,37.830461],[-122.240721,37.830461],[-122.239825,37.830471],[-122.239741,37.830472],[-122.239507,37.830475],[-122.239493,37.830475],[-122.239492,37.830475],[-122.239424,37.830475],[-122.23933,37.830478],[-122.239302,37.830479],[-122.239279,37.83048],[-122.239251,37.830482],[-122.239186,37.830487],[-122.239169,37.830488],[-122.239092,37.830496],[-122.239078,37.830497],[-122.239077,37.830497],[-122.239066,37.830498],[-122.238996,37.830507],[-122.238987,37.830508],[-122.238985,37.830509],[-122.238895,37.830521],[-122.23889,37.830522],[-122.23886,37.830526],[-122.238811,37.830532],[-122.238803,37.830533],[-122.238802,37.830533],[-122.238723,37.830543],[-122.238658,37.83055],[-122.238622,37.830553],[-122.238612,37.830554],[-122.238569,37.830558],[-122.238558,37.830559],[-122.238556,37.830559],[-122.23849,37.830565],[-122.23834,37.830578],[-122.238224,37.830587],[-122.238112,37.830596],[-122.238051,37.830602],[-122.237955,37.830609],[-122.237894,37.830616],[-122.237831,37.830624],[-122.237765,37.830636],[-122.237748,37.830639],[-122.23771,37.830647],[-122.237678,37.830655],[-122.237645,37.830663],[-122.237594,37.830676],[-122.237592,37.830677],[-122.237592,37.830677],[-122.237567,37.830684],[-122.23753,37.830696],[-122.237513,37.830702],[-122.237475,37.830715],[-122.237466,37.830719],[-122.237449,37.830725],[-122.237418,37.830738],[-122.237344,37.830767],[-122.23734,37.830769],[-122.237285,37.830785],[-122.237236,37.830795],[-122.237231,37.830796],[-122.237229,37.830797],[-122.237155,37.830807],[-122.237149,37.830809],[-122.237149,37.830809],[-122.237143,37.830811],[-122.236879,37.830899],[-122.236735,37.830946],[-122.236611,37.83099],[-122.235917,37.831232],[-122.234657,37.831672],[-122.234652,37.831674],[-122.234581,37.83166],[-122.234572,37.831658],[-122.234568,37.831658],[-122.234465,37.831638],[-122.234414,37.831628],[-122.234288,37.831603],[-122.234197,37.831585],[-122.234106,37.831568],[-122.233704,37.831545],[-122.233689,37.831551],[-122.233642,37.831569],[-122.233556,37.831603],[-122.233296,37.831707],[-122.233216,37.831738],[-122.233,37.831824],[-122.232868,37.831876],[-122.232873,37.832102],[-122.232874,37.832109],[-122.231046,37.832631],[-122.230945,37.83266],[-122.229814,37.83288],[-122.228823,37.833147],[-122.228588,37.833211],[-122.228407,37.83326],[-122.228176,37.833322],[-122.228159,37.833327],[-122.22807,37.833351],[-122.227994,37.833371],[-122.227989,37.833367],[-122.227693,37.833108],[-122.227471,37.832914],[-122.227109,37.832671],[-122.227108,37.832671],[-122.227031,37.832619],[-122.227019,37.83261],[-122.22694,37.832558],[-122.226901,37.832531],[-122.226837,37.832488],[-122.22676,37.832401],[-122.226755,37.832396],[-122.226461,37.832067],[-122.226407,37.832058],[-122.22639,37.832054],[-122.226348,37.832043],[-122.226302,37.832027],[-122.226296,37.832025],[-122.226236,37.831997],[-122.226223,37.831989],[-122.226187,37.831966],[-122.226183,37.831963],[-122.226182,37.831962],[-122.226141,37.831929],[-122.226108,37.831897],[-122.226103,37.831892],[-122.226051,37.831833],[-122.226044,37.831826],[-122.226012,37.83179],[-122.225966,37.831737]]]]}}]}